date,open,high,low,adjClose,value,volume,count,yesterday,close
2012-07-01,396.0,446.0,363.0,414.0,34363046470,27421991,5160,330.0,446.0
2012-07-02,434.0,434.0,396.0,426.0,11110947250,8620150,329,414.0,396.0
2012-07-07,412.0,464.0,346.0,447.0,184703000,137000,18,426.0,464.0
2012-07-08,447.0,550.0,419.0,453.0,2711762000,2055020,217,447.0,454.0
2012-07-09,439.0,453.0,439.0,443.0,1955029800,1516000,17,453.0,440.0
2012-07-10,443.0,465.0,443.0,450.0,1354405090,1033450,211,443.0,447.0
2012-07-11,450.0,460.0,446.0,448.0,15387684000,11806400,4726,450.0,447.0
2012-07-14,460.0,466.0,460.0,463.0,654330000,485000,93,448.0,464.0
2012-07-15,450.0,486.0,450.0,462.0,7494167741,5565781,2342,463.0,486.0
2012-07-16,485.0,485.0,464.0,477.0,708230000,510000,65,462.0,485.0
2012-07-17,501.0,501.0,501.0,501.0,267834600,183700,32,477.0,501.0
2012-07-18,526.0,526.0,524.0,526.0,2110950000,1380000,161,501.0,526.0
2012-07-22,549.0,549.0,500.0,528.0,4749306780,3087710,16,526.0,500.0
2012-07-23,502.0,520.0,502.0,504.0,523581000,356998,58,528.0,502.0
2012-07-24,479.0,479.0,479.0,479.0,414157400,297100,38,504.0,479.0
2012-07-25,458.0,493.0,455.0,471.0,308608000,225000,50,479.0,471.0
2012-07-28,481.0,488.0,481.0,487.0,16740000,11800,3,471.0,488.0
2012-07-29,498.0,498.0,463.0,472.0,27480000,20000,7,487.0,463.0
2012-07-30,481.0,481.0,481.0,481.0,5735900,4100,3,472.0,481.0
2012-07-31,490.0,490.0,457.0,459.0,28031000,21000,6,481.0,457.0
2012-08-01,476.0,476.0,476.0,476.0,1387000,1000,1,459.0,476.0
2012-08-05,453.0,453.0,453.0,453.0,65900000,50000,15,476.0,453.0
2012-08-06,430.0,430.0,430.0,430.0,63903000,51000,12,453.0,430.0
2012-08-07,426.0,447.0,426.0,428.0,127422600,102200,21,430.0,447.0
2012-08-11,446.0,447.0,446.0,447.0,190965000,146900,20,428.0,447.0
2012-08-12,459.0,469.0,459.0,469.0,2126316265,1559291,369,447.0,469.0
2012-08-14,471.0,471.0,471.0,471.0,137000000,100000,46,469.0,471.0
2012-08-21,470.0,470.0,469.0,470.0,11459142000,8384000,3,471.0,469.0
2012-08-22,466.0,470.0,466.0,469.0,17002491604,12451938,62,470.0,469.0
2012-08-25,470.0,487.0,470.0,472.0,171726370,125001,25,469.0,487.0
2012-08-27,480.0,480.0,476.0,480.0,5336665075,3824055,137,472.0,476.0
2012-09-02,477.0,477.0,477.0,477.0,62460000,45000,10,480.0,477.0
2012-09-04,475.0,484.0,475.0,480.0,439613500,315000,80,477.0,481.0
2012-09-05,484.0,484.0,484.0,484.0,239530000,170000,22,480.0,484.0
2012-09-08,488.0,488.0,488.0,488.0,142000,100,1,484.0,488.0
2012-09-15,464.0,502.0,464.0,489.0,259655500,182400,55,488.0,502.0
2012-09-17,511.0,511.0,511.0,511.0,446400000,300000,30,489.0,511.0
2012-09-18,486.0,512.0,486.0,489.0,982500000,690000,69,511.0,512.0
2012-09-25,510.0,512.0,510.0,512.0,417100000,280000,33,489.0,512.0
2012-09-26,512.0,512.0,512.0,512.0,14900000,10000,1,512.0,512.0
2012-09-29,512.0,515.0,512.0,513.0,119460050,80000,27,512.0,515.0
2012-09-30,515.0,536.0,515.0,528.0,324825000,211500,57,513.0,515.0
2012-10-01,515.0,515.0,515.0,515.0,29980000,20000,4,528.0,515.0
2012-10-03,490.0,540.0,490.0,535.0,915984500,588495,534,515.0,540.0
2012-10-06,553.0,561.0,535.0,546.0,598010000,376000,175,535.0,535.0
2012-10-07,546.0,546.0,546.0,546.0,17490000000,11000000,1366,546.0,546.0
2012-10-08,553.0,573.0,553.0,565.0,10040645000,6100000,15,546.0,565.0
2012-10-09,573.0,588.0,573.0,574.0,8358499080,5005090,3,565.0,574.0
2012-10-10,567.0,602.0,545.0,573.0,5603981500,3361900,514,574.0,574.0
2012-10-13,601.0,601.0,601.0,601.0,1767500000,1010000,111,573.0,601.0
2012-10-14,611.0,611.0,571.0,606.0,3131705000,1775000,986,601.0,611.0
2012-10-15,636.0,636.0,618.0,636.0,459780000,248500,109,606.0,618.0
2012-10-16,635.0,636.0,634.0,636.0,1712968500,926000,237,636.0,635.0
2012-10-17,611.0,653.0,611.0,646.0,504553560,268502,30,636.0,653.0
2012-10-20,663.0,663.0,663.0,663.0,1578547000,817900,83,646.0,663.0
2012-10-21,667.0,691.0,667.0,671.0,11720000,6000,4,663.0,691.0
2012-10-23,680.0,680.0,680.0,680.0,1997780000,1010000,207,671.0,680.0
2012-10-24,680.0,680.0,666.0,679.0,1193742000,603860,65,680.0,666.0
2012-10-28,660.0,660.0,660.0,660.0,38400000,20000,2,679.0,660.0
2012-10-29,653.0,653.0,653.0,653.0,171000000,90000,10,660.0,653.0
2012-11-04,620.0,620.0,620.0,620.0,18050000,10000,1,653.0,620.0
2012-11-05,620.0,635.0,620.0,635.0,7428586536,4019884,802,620.0,632.0
2012-11-07,603.0,629.0,603.0,618.0,2846959500,1582250,162,635.0,618.0
2012-11-11,630.0,630.0,630.0,630.0,3670000000,2000000,200,618.0,630.0
2012-11-12,625.0,625.0,599.0,601.0,55330280,31654,4,630.0,599.0
2012-11-13,571.0,629.0,571.0,580.0,265577970,157350,23,601.0,618.0
2012-11-14,609.0,609.0,609.0,609.0,11705832,6606,1,580.0,609.0
2012-11-18,635.0,635.0,579.0,592.0,22387000,13000,2,609.0,579.0
2012-11-19,562.0,562.0,562.0,562.0,16360000,10000,1,592.0,562.0
2012-11-21,550.0,550.0,550.0,550.0,13568000,8480,7,562.0,550.0
2012-11-26,574.0,574.0,522.0,532.0,70935000,45800,8,550.0,522.0
2012-11-27,532.0,532.0,532.0,532.0,45695500000,29500000,5,532.0,532.0
2012-11-28,506.0,532.0,506.0,532.0,31614320000,20410000,5,532.0,532.0
2012-12-02,550.0,550.0,550.0,550.0,1280000,800,1,532.0,550.0
2012-12-03,577.0,577.0,577.0,577.0,3360000,2000,1,550.0,577.0
2012-12-04,578.0,578.0,578.0,578.0,5046000,3000,1,577.0,578.0
2012-12-05,607.0,607.0,550.0,571.0,1403760000,845000,86,578.0,577.0
2012-12-09,599.0,599.0,599.0,599.0,352308928,202012,284,571.0,599.0
2012-12-10,629.0,629.0,618.0,618.0,10476620000,5820000,582,599.0,618.0
2012-12-11,636.0,636.0,636.0,636.0,8024930000,4337800,438,618.0,636.0
2012-12-12,667.0,667.0,667.0,667.0,19420000,10000,1,636.0,667.0
2012-12-15,700.0,700.0,687.0,694.0,207015434,102556,13,667.0,687.0
2012-12-16,694.0,694.0,694.0,694.0,10912695000,5405000,541,694.0,694.0
2012-12-17,691.0,691.0,691.0,691.0,40200000,20000,4,694.0,691.0
2012-12-18,670.0,704.0,670.0,702.0,11611877250,5681000,48,691.0,670.0
2012-12-19,687.0,701.0,687.0,701.0,6187902000,3032000,307,702.0,701.0
2012-12-22,670.0,687.0,670.0,678.0,236980000,120000,14,701.0,687.0
2012-12-23,687.0,712.0,687.0,699.0,547785500,269250,39,678.0,711.0
2012-12-24,733.0,733.0,733.0,733.0,10675000,5000,1,699.0,733.0
2012-12-25,733.0,733.0,733.0,733.0,9814595000,4597000,2150,733.0,733.0
2012-12-26,733.0,733.0,733.0,733.0,10675000000,5000000,5,733.0,733.0
2012-12-30,733.0,733.0,733.0,733.0,11469220000,5372000,538,733.0,733.0
2012-12-31,733.0,733.0,733.0,733.0,1419775000,665000,67,733.0,733.0
2013-01-07,733.0,733.0,733.0,733.0,9191175000,4305000,4,733.0,733.0
2013-01-09,733.0,733.0,733.0,733.0,6405000000,3000000,300,733.0,733.0
2013-01-13,733.0,735.0,733.0,733.0,6413560000,3004000,301,733.0,735.0
2013-01-14,733.0,733.0,732.0,733.0,11775112000,5516000,552,733.0,732.0
2013-01-16,733.0,733.0,733.0,733.0,12285752370,5754462,193,733.0,733.0
2013-01-20,733.0,733.0,733.0,733.0,12788650000,5990000,599,733.0,733.0
2013-01-21,733.0,733.0,733.0,733.0,12699532965,5948259,1119,733.0,733.0
2013-01-26,730.0,730.0,730.0,730.0,2682210564,1262811,240,733.0,730.0
2013-01-27,721.0,730.0,721.0,730.0,7506855474,3534651,711,730.0,730.0
2013-02-27,693.0,747.0,693.0,747.0,4913930000,2260000,227,730.0,747.0
2013-03-02,749.0,759.0,749.0,759.0,5083810200,2301000,461,747.0,759.0
2013-03-04,784.0,784.0,783.0,784.0,11408000,5000,2,759.0,783.0
2013-03-05,784.0,784.0,784.0,784.0,13689718000,5999000,600,784.0,784.0
2013-03-10,823.0,823.0,823.0,823.0,4790000,2000,1,784.0,823.0
2013-03-11,823.0,823.0,823.0,823.0,29151714870,12171906,1235,823.0,823.0
2013-03-12,862.0,862.0,862.0,862.0,12550000,5000,1,823.0,862.0
2013-03-17,819.0,862.0,819.0,861.0,16462211100,6568610,1332,862.0,862.0
2013-05-05,861.0,861.0,861.0,861.0,12525000,5000,1,861.0,861.0
2013-06-10,818.0,818.0,818.0,818.0,1802414460,757317,82,861.0,818.0
2013-06-15,777.0,777.0,777.0,777.0,452200,200,1,818.0,777.0
2013-06-17,800.0,800.0,800.0,800.0,8155000,3500,1,777.0,800.0
2013-06-18,800.0,800.0,800.0,800.0,1165000,500,1,800.0,800.0
2013-07-10,843.0,843.0,843.0,801.0,17000000,10000,1,800.0,843.0
2013-07-14,912.0,912.0,912.0,804.0,18400000,10000,1,801.0,912.0
2013-08-04,872.0,892.0,867.0,882.0,840585800,471381,925,804.0,892.0
2013-08-05,926.0,926.0,926.0,926.0,52332000,28000,28,882.0,926.0
2013-09-21,971.0,971.0,971.0,971.0,39200000,20000,2,926.0,971.0
2013-09-22,971.0,971.0,971.0,971.0,1960000,1000,1,971.0,971.0
2013-09-23,971.0,971.0,971.0,971.0,17640000,9000,2,971.0,971.0
2013-10-07,1016.0,1016.0,1016.0,1016.0,36900000,18000,3,971.0,1016.0
2013-10-20,1020.0,1020.0,1020.0,1020.0,5597760,2720,3,1016.0,1020.0
2013-11-20,1071.0,1071.0,1071.0,1071.0,5691600,2635,2,1020.0,1071.0
2013-11-27,1090.0,1090.0,1090.0,1090.0,219900,100,1,1071.0,1090.0
2013-11-30,1090.0,1090.0,1090.0,1090.0,11214900,5100,1,1090.0,1090.0
2013-12-02,1085.0,1085.0,1085.0,1085.0,219000,100,1,1090.0,1085.0
2013-12-11,1085.0,1085.0,1084.0,1084.0,1220782000,558000,530,1085.0,1084.0
2013-12-16,1083.0,1083.0,1083.0,1083.0,65580000,30000,26,1084.0,1083.0
2013-12-18,1083.0,1083.0,1083.0,1083.0,4372000,2000,3,1083.0,1083.0
2013-12-21,1029.0,1029.0,1029.0,1029.0,24924000,12000,3,1083.0,1029.0
2013-12-25,986.0,986.0,978.0,984.0,65542000,33000,7,1029.0,978.0
2014-01-04,991.0,991.0,991.0,991.0,29887049,14951,10,984.0,991.0
2014-01-05,990.0,990.0,990.0,990.0,1976022,989,1,991.0,990.0
2014-01-06,990.0,990.0,990.0,990.0,9990000,5000,1,990.0,990.0
2014-01-07,947.0,947.0,947.0,947.0,9550000,5000,1,990.0,947.0
2014-01-08,989.0,991.0,989.0,991.0,125470165,62767,21,947.0,991.0
2014-01-12,942.0,942.0,942.0,942.0,9500000,5000,1,991.0,942.0
2014-01-13,896.0,896.0,896.0,896.0,9040000,5000,1,942.0,896.0
2014-01-14,896.0,896.0,896.0,896.0,5002736,2767,1,896.0,896.0
2014-01-26,851.0,851.0,851.0,851.0,17095818,9951,1,896.0,851.0
2014-02-10,838.0,838.0,809.0,828.0,149358614,89358,18,851.0,809.0
2014-04-09,838.0,838.0,838.0,838.0,3549000,2100,2,828.0,838.0
2014-04-12,838.0,838.0,838.0,838.0,1671410,989,1,838.0,838.0
2014-04-14,862.0,862.0,838.0,856.0,46479590,26911,3,838.0,838.0
2014-04-16,856.0,856.0,856.0,856.0,34540000,20000,2,856.0,856.0
2014-04-19,813.0,813.0,813.0,813.0,5069049,3089,1,856.0,813.0
2014-05-24,813.0,813.0,813.0,813.0,164100000,100000,10,813.0,813.0
2014-05-31,813.0,813.0,813.0,813.0,82050000,50000,5,813.0,813.0
2014-06-02,838.0,852.0,838.0,838.0,30043930,17777,5,813.0,852.0
2014-06-30,838.0,838.0,838.0,838.0,473200,280,1,838.0,838.0
2014-09-03,838.0,838.0,838.0,838.0,1049750,650,1,838.0,838.0
2014-09-10,825.0,825.0,825.0,831.0,397500000,250000,26,838.0,825.0
2014-09-24,831.0,831.0,831.0,831.0,801000,500,1,831.0,831.0
2014-09-29,831.0,831.0,831.0,831.0,801000000,500000,50,831.0,831.0
2014-10-04,804.0,804.0,804.0,804.0,93000000,60000,6,831.0,804.0
2014-10-07,789.0,789.0,789.0,789.0,30440000,20000,2,804.0,789.0
2014-10-14,773.0,773.0,773.0,773.0,2235000000,1500000,150,789.0,773.0
2014-10-15,773.0,773.0,773.0,773.0,2235000000,1500000,150,773.0,773.0
2014-10-21,734.0,734.0,734.0,734.0,151710240,107140,27,773.0,734.0
2014-10-25,698.0,734.0,698.0,724.0,837493000,600000,174,734.0,724.0
2014-10-28,724.0,724.0,724.0,724.0,1371765440,982640,101,724.0,724.0
2014-11-02,724.0,724.0,724.0,724.0,6980000000,5000000,6350,724.0,724.0
2014-11-08,724.0,724.0,724.0,724.0,3490000000,2500000,250,724.0,724.0
2014-11-09,724.0,724.0,724.0,724.0,2094000000,1500000,150,724.0,724.0
2014-11-16,724.0,724.0,724.0,724.0,4188000000,3000000,300,724.0,724.0
2014-12-30,724.0,724.0,724.0,724.0,13960000,10000,10,724.0,724.0
2015-01-07,724.0,724.0,724.0,724.0,63364440,45390,47,724.0,724.0
2015-01-10,744.0,744.0,744.0,744.0,14350000000,10000000,1000,724.0,744.0
2015-01-21,744.0,744.0,744.0,744.0,14350000000,10000000,1000,744.0,744.0
2015-01-27,744.0,744.0,744.0,744.0,143500000,100000,10,744.0,744.0
2015-02-01,744.0,744.0,744.0,744.0,861143500,600100,61,744.0,744.0
2015-02-02,744.0,744.0,744.0,744.0,718059650,500390,51,744.0,744.0
2015-02-09,725.0,725.0,725.0,725.0,2794000,2000,1,744.0,725.0
2015-02-10,725.0,725.0,725.0,725.0,1399794000,1002000,202,725.0,725.0
2015-02-14,725.0,725.0,725.0,725.0,1397000000,1000000,100,725.0,725.0
2015-02-22,760.0,760.0,726.0,726.0,14982263400,10701381,1073,725.0,726.0
2015-02-24,726.0,762.0,726.0,727.0,286692000,204600,23,726.0,726.0
2015-03-02,727.0,727.0,727.0,727.0,140100000,100000,10,727.0,727.0
2015-03-04,727.0,727.0,727.0,727.0,11216000000,8000000,800,727.0,727.0
2015-03-09,727.0,727.0,727.0,727.0,1402000000,1000000,101,727.0,727.0
2015-04-08,726.0,726.0,726.0,726.0,2800000,2000,1,727.0,726.0
2015-05-06,726.0,726.0,726.0,726.0,2100000000,1500000,1500,726.0,726.0
2015-05-23,726.0,726.0,726.0,726.0,1162000000,830000,83,726.0,726.0
2015-06-08,726.0,726.0,726.0,726.0,2100000000,1500000,270,726.0,726.0
2015-06-10,726.0,726.0,726.0,726.0,2800000000,2000000,1242,726.0,726.0
2015-06-14,726.0,726.0,726.0,726.0,1400000000,1000000,980,726.0,726.0
2015-07-05,726.0,726.0,726.0,726.0,5600000,4000,2,726.0,726.0
2015-07-07,726.0,726.0,726.0,726.0,2800000,2000,1,726.0,726.0
2015-07-12,726.0,726.0,726.0,726.0,5600000,4000,2,726.0,726.0
2015-07-13,726.0,726.0,726.0,726.0,5600000,4000,2,726.0,726.0
2015-09-14,816.0,816.0,816.0,816.0,677000000,500000,10,726.0,816.0
2015-09-15,856.0,856.0,795.0,804.0,33353500,25000,4,816.0,795.0
2015-10-11,795.0,795.0,795.0,795.0,39600000,30000,1,804.0,795.0
2015-10-13,795.0,795.0,795.0,795.0,276830400,209720,5,795.0,795.0
2015-10-18,835.0,835.0,832.0,832.0,620607000,449500,36,795.0,832.0
2015-10-19,868.0,868.0,868.0,868.0,64800000,45000,11,832.0,868.0
2015-10-25,910.0,910.0,910.0,910.0,15100000,10000,1,868.0,910.0
2015-10-26,911.0,911.0,911.0,911.0,5292000,3500,1,910.0,911.0
2015-10-27,911.0,911.0,911.0,911.0,120960000,80000,4,911.0,911.0
2015-10-28,912.0,912.0,912.0,912.0,7413700000,4900000,143,911.0,912.0
2015-10-31,913.0,913.0,912.0,912.0,8909810200,5886680,162,912.0,912.0
2015-11-01,912.0,912.0,912.0,912.0,19682000,13000,1,912.0,912.0
2015-11-09,957.0,957.0,957.0,957.0,15890000,10000,1,912.0,957.0
2015-11-11,958.0,1005.0,958.0,962.0,37521000,23500,2,957.0,1005.0
2015-11-17,982.0,982.0,982.0,982.0,31770500,19500,2,962.0,982.0
2015-12-01,1013.0,1013.0,1013.0,1013.0,1176700000,700000,39,982.0,1013.0
2015-12-05,1056.0,1061.0,1056.0,1061.0,699036100,397180,21,1013.0,1061.0
2015-12-06,1114.0,1114.0,1114.0,1114.0,33264000,18000,1,1061.0,1114.0
2015-12-08,1169.0,1169.0,1169.0,1169.0,19400000,10000,1,1114.0,1169.0
2015-12-16,1227.0,1227.0,1227.0,1227.0,6111000,3000,1,1169.0,1227.0
2015-12-21,1227.0,1227.0,1227.0,1227.0,765912,376,1,1227.0,1227.0
2015-12-23,1288.0,1288.0,1288.0,1288.0,10690000,5000,2,1227.0,1288.0
2016-01-05,1352.0,1352.0,1352.0,1352.0,224402244,100001,9,1288.0,1352.0
2016-01-11,1379.0,1379.0,1379.0,1379.0,228900000,100000,3,1352.0,1379.0
2016-01-16,1393.0,1393.0,1393.0,1393.0,232100663,100433,3,1379.0,1393.0
2016-01-17,1386.0,1386.0,1382.0,1382.0,249762357,108906,4,1393.0,1382.0
2016-01-25,1313.0,1314.0,1313.0,1313.0,241338460,110740,7,1382.0,1314.0
2016-01-26,1314.0,1320.0,1314.0,1320.0,667900000,305000,27,1313.0,1320.0
2016-01-27,1316.0,1320.0,1316.0,1319.0,684095000,312500,29,1320.0,1320.0
2016-02-13,1371.0,1371.0,1362.0,1365.0,445798240,196740,22,1319.0,1362.0
2016-02-14,1386.0,1386.0,1386.0,1386.0,92000000,40000,1,1365.0,1386.0
2016-02-16,1455.0,1455.0,1455.0,1455.0,193200000,80000,5,1386.0,1455.0
2016-02-20,1506.0,1506.0,1458.0,1464.0,109950000,45260,2,1455.0,1458.0
2016-03-02,1537.0,1537.0,1537.0,1537.0,255000000,100000,8,1464.0,1537.0
2016-03-14,1537.0,1537.0,1537.0,1537.0,17595000,6900,1,1537.0,1537.0
2016-03-28,1460.0,1460.0,1460.0,1460.0,2592610,1070,2,1537.0,1460.0
2016-04-20,1533.0,1533.0,1533.0,1533.0,30528000,12000,3,1460.0,1533.0
2016-04-25,1609.0,1609.0,1609.0,1609.0,14423400,5400,1,1533.0,1609.0
2016-05-28,1627.0,1690.0,1627.0,1669.0,6371688500,2300879,169,1609.0,1657.0
2016-05-29,1585.0,1585.0,1585.0,1585.0,131550000,50000,1,1669.0,1585.0
2016-05-30,1506.0,1506.0,1506.0,1506.0,373917500,149567,9,1585.0,1506.0
2016-06-21,1506.0,1506.0,1506.0,1506.0,13509302500,5403721,161,1506.0,1506.0
2016-07-11,1431.0,1431.0,1431.0,1431.0,84072625,35399,4,1506.0,1431.0
2016-08-23,1452.0,1452.0,1452.0,1443.0,660465600,275194,6,1431.0,1452.0
2016-08-31,1422.0,1664.0,1422.0,1657.0,8539480000,3118500,187,1443.0,1664.0
2016-10-17,1575.0,1575.0,1575.0,1575.0,1485742,571,2,1657.0,1575.0
2016-12-12,1496.0,1634.0,1496.0,1624.0,8055132500,3002005,78,1575.0,1634.0
2016-12-18,1640.0,1643.0,1640.0,1642.0,14786813000,5451000,111,1624.0,1642.0
2016-12-19,1723.0,1723.0,1723.0,1723.0,14240000,5000,2,1642.0,1723.0
2017-01-22,1637.0,1637.0,1637.0,1637.0,5439060,2010,1,1723.0,1637.0
2017-01-24,1556.0,1556.0,1556.0,1556.0,129835500,50500,4,1637.0,1556.0
2017-01-25,1478.0,1478.0,1478.0,1478.0,50081500,20500,4,1556.0,1478.0
2017-01-31,1446.0,1446.0,1446.0,1446.0,2703090,1131,1,1478.0,1446.0
2017-02-01,1408.0,1408.0,1408.0,1408.0,2793526,1201,1,1446.0,1408.0
2017-02-05,1392.0,1392.0,1392.0,1392.0,2533401,1101,1,1408.0,1392.0
2017-02-06,1368.0,1368.0,1368.0,1368.0,2569620,1137,1,1392.0,1368.0
2017-02-07,1354.0,1354.0,1354.0,1354.0,2538995,1135,1,1368.0,1354.0
2017-02-08,1334.0,1334.0,1334.0,1334.0,2445345,1109,1,1354.0,1334.0
2017-02-11,1320.0,1320.0,1320.0,1320.0,2369652,1086,1,1334.0,1320.0
2017-02-21,1301.0,1301.0,1301.0,1301.0,2182250,1015,1,1320.0,1301.0
2017-02-26,1294.0,1295.0,1294.0,1294.0,34225605,16000,2,1301.0,1295.0
2017-02-27,1280.0,1280.0,1280.0,1280.0,2315925,1095,1,1294.0,1280.0
2017-02-28,1265.0,1265.0,1265.0,1265.0,2530110,1210,1,1280.0,1265.0
2017-03-01,1252.0,1252.0,1252.0,1252.0,2286245,1105,1,1265.0,1252.0
2017-03-04,1237.0,1237.0,1237.0,1237.0,2203432,1078,1,1252.0,1237.0
2017-03-05,1227.0,1227.0,1227.0,1227.0,2241862,1106,1,1237.0,1227.0
2017-03-06,1213.0,1213.0,1213.0,1213.0,2306604,1151,1,1227.0,1213.0
2017-03-07,1202.0,1202.0,1202.0,1202.0,2122116,1068,1,1213.0,1202.0
2017-03-13,1083.0,1083.0,1083.0,1083.0,17890000,10000,1,1202.0,1083.0
2017-03-18,1083.0,1083.0,1083.0,1083.0,1665559,931,1,1083.0,1083.0
2017-03-25,1083.0,1083.0,1083.0,1083.0,53670000,30000,2,1083.0,1083.0
2017-03-26,1070.0,1070.0,1070.0,1070.0,26535000,15000,1,1083.0,1070.0
2017-03-27,1029.0,1029.0,1029.0,1029.0,25500000,15000,1,1070.0,1029.0
2017-03-28,989.0,989.0,989.0,989.0,11445000,7000,2,1029.0,989.0
2017-03-29,989.0,989.0,989.0,989.0,47415000,29000,4,989.0,989.0
2017-04-03,989.0,1005.0,989.0,992.0,1086926756,662968,100,989.0,989.0
2017-04-04,956.0,956.0,956.0,956.0,31600000,20000,2,992.0,956.0
2017-04-08,922.0,922.0,896.0,905.0,43229200,28900,5,956.0,896.0
2017-04-09,992.0,992.0,839.0,862.0,50311803,35300,12,905.0,926.0
2017-04-10,793.0,948.0,776.0,885.0,3915000114,2678380,246,862.0,948.0
2017-04-12,973.0,973.0,799.0,850.0,637445554,453997,58,885.0,907.0
2017-04-15,932.0,932.0,840.0,858.0,588319880,414977,54,850.0,860.0
2017-04-16,907.0,943.0,906.0,941.0,3300714835,2122643,179,858.0,943.0
2017-04-17,998.0,1015.0,847.0,880.0,2754310210,1893211,199,941.0,847.0
2017-04-18,876.0,879.0,799.0,863.0,216388432,151790,16,880.0,841.0
2017-04-19,862.0,863.0,814.0,849.0,458314836,326602,53,863.0,826.0
2017-04-22,904.0,904.0,781.0,804.0,1347161371,1013572,158,849.0,816.0
2017-04-23,783.0,787.0,725.0,744.0,1051395559,855091,133,804.0,726.0
2017-04-24,690.0,747.0,684.0,727.0,148253678,123393,22,744.0,729.0
2017-04-26,762.0,762.0,714.0,726.0,282371360,235391,44,727.0,725.0
2017-04-29,695.0,726.0,677.0,693.0,709494328,619138,99,726.0,677.0
2017-04-30,690.0,762.0,636.0,677.0,7218465956,6454619,659,693.0,738.0
2017-05-01,715.0,744.0,715.0,744.0,14886093566,12113854,298,677.0,744.0
2017-05-02,818.0,818.0,818.0,818.0,291275600,215600,14,744.0,818.0
2017-05-03,899.0,899.0,899.0,899.0,312022850,209975,25,818.0,899.0
2017-05-06,989.0,989.0,884.0,963.0,6753568040,4245252,269,899.0,908.0
2017-05-07,890.0,913.0,867.0,868.0,973652074,678638,82,963.0,867.0
2017-05-08,887.0,887.0,799.0,811.0,341178517,254473,44,868.0,799.0
2017-05-09,799.0,839.0,749.0,765.0,188681485,149310,38,811.0,756.0
2017-05-10,819.0,819.0,767.0,798.0,92751397,70328,21,765.0,767.0
2017-05-13,775.0,852.0,727.0,749.0,88030732,71088,19,798.0,829.0
2017-05-14,787.0,798.0,746.0,752.0,267682993,215494,25,749.0,787.0
2017-05-15,742.0,781.0,742.0,766.0,152074407,120106,13,752.0,751.0
2017-05-16,745.0,797.0,736.0,737.0,72237927,59331,13,766.0,736.0
2017-05-17,739.0,787.0,726.0,728.0,7660884374,6370537,636,737.0,763.0
2017-05-20,785.0,801.0,773.0,799.0,147426534,111582,23,728.0,799.0
2017-05-21,835.0,835.0,720.0,731.0,768311623,636157,71,799.0,720.0
2017-05-22,732.0,785.0,724.0,727.0,5350382388,4454500,220,731.0,771.0
2017-05-23,784.0,784.0,739.0,744.0,8401733165,6835810,352,727.0,772.0
2017-05-24,772.0,798.0,762.0,776.0,292146042,227866,37,744.0,765.0
2017-05-27,796.0,796.0,735.0,741.0,393409103,321543,73,776.0,735.0
2017-05-28,736.0,768.0,736.0,751.0,299181155,241002,37,741.0,750.0
2017-05-29,759.0,759.0,741.0,756.0,61735984,49404,13,751.0,759.0
2017-05-30,711.0,767.0,696.0,698.0,14129150216,12253644,1202,756.0,736.0
2017-05-31,760.0,767.0,723.0,727.0,5742920326,4782458,425,698.0,767.0
2017-06-03,744.0,765.0,720.0,724.0,6468561271,5405438,503,727.0,741.0
2017-06-06,738.0,796.0,738.0,778.0,6633791295,5161864,382,724.0,796.0
2017-06-07,787.0,819.0,727.0,762.0,1000393991,794028,112,778.0,728.0
2017-06-10,738.0,793.0,733.0,770.0,601301697,472480,60,762.0,762.0
2017-06-11,744.0,775.0,727.0,736.0,799440460,657669,103,770.0,755.0
2017-06-12,736.0,767.0,732.0,737.0,364290385,299005,43,736.0,732.0
2017-06-13,735.0,757.0,720.0,720.0,8646191368,7263595,363,737.0,720.0
2017-06-14,720.0,726.0,708.0,716.0,329143656,278088,52,720.0,726.0
2017-06-17,726.0,744.0,718.0,726.0,3033765710,2528076,114,716.0,726.0
2017-06-18,719.0,719.0,684.0,696.0,708654971,615564,79,726.0,706.0
2017-06-19,700.0,724.0,678.0,689.0,244169651,214437,42,696.0,678.0
2017-06-20,678.0,712.0,678.0,688.0,369365910,324807,41,689.0,682.0
2017-06-21,685.0,704.0,649.0,667.0,690718419,626987,76,688.0,666.0
2017-06-24,661.0,695.0,649.0,668.0,157525531,142622,30,667.0,677.0
2017-06-25,720.0,732.0,666.0,709.0,887923705,758104,71,668.0,708.0
2017-06-28,702.0,726.0,702.0,719.0,288584999,242808,25,709.0,724.0
2017-07-01,732.0,756.0,705.0,736.0,432090468,354985,46,719.0,705.0
2017-07-02,706.0,733.0,705.0,709.0,205184882,175136,31,736.0,705.0
2017-07-03,723.0,723.0,673.0,686.0,245242321,216183,43,709.0,684.0
2017-07-04,713.0,719.0,675.0,700.0,73306025,63367,16,686.0,686.0
2017-07-05,701.0,708.0,679.0,693.0,164037218,143272,31,700.0,679.0
2017-07-08,680.0,693.0,655.0,679.0,414278721,369236,52,693.0,693.0
2017-07-09,669.0,700.0,669.0,680.0,53892599,47949,17,679.0,678.0
2017-07-10,673.0,673.0,661.0,665.0,673112339,612490,60,680.0,666.0
2017-07-11,672.0,684.0,660.0,681.0,76696092,68159,12,665.0,677.0
2017-07-12,720.0,720.0,660.0,689.0,394582318,346620,66,681.0,672.0
2017-07-15,660.0,684.0,652.0,657.0,518736835,478122,70,689.0,654.0
2017-07-16,695.0,695.0,644.0,647.0,78881328,73702,20,657.0,644.0
2017-07-17,642.0,646.0,589.0,608.0,697101330,693289,96,647.0,609.0
2017-07-18,605.0,628.0,598.0,607.0,251559974,250868,46,608.0,622.0
2017-10-23,544.0,544.0,544.0,544.0,1095966000,1217740,144,607.0,544.0
2017-10-25,544.0,544.0,544.0,544.0,305631000,339590,45,544.0,544.0
2017-10-28,544.0,544.0,544.0,544.0,171024300,190027,27,544.0,544.0
2017-10-30,544.0,544.0,544.0,544.0,536228100,595809,49,544.0,544.0
2018-01-15,544.0,550.0,544.0,544.0,243803750,273079,35,544.0,550.0
2018-01-17,573.0,573.0,573.0,573.0,876747117,933703,63,544.0,573.0
2018-01-20,611.0,611.0,611.0,611.0,263857000,263857,28,573.0,611.0
2018-01-22,609.0,609.0,564.0,609.0,11048471323,11083201,485,611.0,564.0
2018-01-24,609.0,609.0,565.0,566.0,92958007,100339,5,609.0,565.0
2018-01-27,566.0,566.0,566.0,566.0,75178236,81186,13,566.0,566.0
2018-01-29,610.0,610.0,565.0,579.0,40984752,43248,11,566.0,565.0
2018-01-31,561.0,561.0,561.0,561.0,123314940,134330,24,579.0,561.0
2018-02-03,577.0,577.0,557.0,575.0,277438336,294382,23,561.0,557.0
2018-02-05,575.0,575.0,550.0,552.0,16447400,18200,4,575.0,550.0
2018-02-07,552.0,552.0,552.0,552.0,18179671424,20110256,495,552.0,552.0
2018-02-10,573.0,573.0,566.0,570.0,12454401,13355,6,552.0,566.0
2018-02-12,563.0,563.0,551.0,563.0,10973370462,11902311,252,570.0,551.0
2018-02-14,563.0,563.0,563.0,563.0,11373685970,12335885,262,563.0,563.0
2018-02-17,563.0,563.0,563.0,563.0,9720263370,10542585,379,563.0,563.0
2018-02-19,563.0,563.0,563.0,563.0,10940529448,11866084,264,563.0,563.0
2018-02-21,563.0,580.0,563.0,563.0,10724476122,11631601,245,563.0,580.0
2018-02-24,563.0,563.0,563.0,563.0,10701654000,11607000,237,563.0,563.0
2018-02-26,563.0,563.0,563.0,563.0,11535976410,12511905,265,563.0,563.0
2018-02-28,563.0,572.0,563.0,564.0,11499408828,12462374,269,563.0,572.0
2018-03-03,564.0,564.0,525.0,564.0,10624590000,11511000,234,564.0,525.0
2018-03-05,564.0,564.0,564.0,564.0,3945292429,4274423,87,564.0,564.0
2018-03-07,589.0,589.0,589.0,589.0,1570317480,1627272,61,564.0,589.0
2018-03-12,589.0,589.0,589.0,589.0,1640500,1700,1,589.0,589.0
2018-04-09,633.0,633.0,633.0,633.0,1552247199,1553801,125,589.0,633.0
2018-04-11,633.0,691.0,633.0,655.0,2079756480,2013520,126,633.0,691.0
2018-04-16,810.0,810.0,634.0,795.0,2109705782,1682762,124,655.0,634.0
2018-04-21,682.0,682.0,634.0,666.0,62907680,59840,11,795.0,634.0
2018-04-23,675.0,676.0,675.0,675.0,444006380,416752,34,666.0,676.0
2018-04-25,697.0,698.0,697.0,697.0,26940562600,24491226,1291,675.0,698.0
2018-06-25,633.0,633.0,633.0,633.0,40089870,40130,12,697.0,633.0
2018-06-27,622.0,622.0,622.0,622.0,18137540,18470,6,633.0,622.0
2018-09-10,634.0,684.0,634.0,639.0,279118000,276634,37,622.0,684.0
2018-09-12,639.0,767.0,639.0,699.0,215274938,195251,28,639.0,767.0
2018-09-15,729.0,729.0,729.0,729.0,32961300,28662,4,699.0,729.0
2018-09-17,729.0,760.0,729.0,738.0,485486850,417094,44,729.0,760.0
2018-09-22,760.0,760.0,735.0,760.0,1205997600,1005698,106,738.0,735.0
2018-10-03,760.0,760.0,760.0,760.0,262023465,218535,33,760.0,760.0
2018-10-06,760.0,760.0,760.0,760.0,544527049,454151,30,760.0,760.0
2018-10-08,760.0,760.0,760.0,760.0,49340049,41151,9,760.0,760.0
2018-10-10,760.0,760.0,760.0,760.0,191921532,160068,18,760.0,760.0
2018-10-22,756.0,756.0,756.0,756.0,11930000,10000,2,760.0,756.0
2018-11-17,508.0,545.0,508.0,508.0,541946651,675851,45,756.0,545.0
2018-11-19,508.0,508.0,508.0,508.0,962400,1200,1,508.0,508.0
2018-11-21,508.0,509.0,508.0,509.0,164760938,205302,20,508.0,509.0
2018-11-24,509.0,509.0,509.0,509.0,17098668,21267,1,509.0,509.0
2018-11-26,509.0,509.0,509.0,509.0,78387588,97497,8,509.0,509.0
2018-11-28,513.0,513.0,513.0,513.0,67230000,83000,7,509.0,513.0
2018-12-01,513.0,513.0,513.0,513.0,2430000,3000,1,513.0,513.0
2018-12-03,513.0,513.0,513.0,513.0,41500350,51235,4,513.0,513.0
2018-12-05,513.0,513.0,513.0,513.0,129971790,160459,17,513.0,513.0
2018-12-08,513.0,514.0,513.0,513.0,163330390,201519,10,513.0,514.0
2018-12-17,513.0,562.0,513.0,515.0,194962220,240157,26,513.0,562.0
2018-12-19,634.0,634.0,634.0,634.0,200000000,200000,17,515.0,634.0
2018-12-22,634.0,634.0,634.0,634.0,180100000,180100,12,634.0,634.0
2018-12-29,604.0,604.0,604.0,604.0,85770000,90000,7,634.0,604.0
2018-12-31,604.0,604.0,601.0,602.0,4100948,4316,4,604.0,601.0
2019-01-14,602.0,602.0,602.0,602.0,1325250,1395,1,602.0,602.0
2019-01-19,602.0,602.0,599.0,601.0,5923000,6240,4,602.0,599.0
2019-01-21,597.0,597.0,597.0,597.0,2976720,3160,2,601.0,597.0
2019-01-23,596.0,596.0,596.0,596.0,1129200,1200,2,597.0,596.0
2019-01-30,458.0,458.0,458.0,458.0,57196118,79219,8,596.0,458.0
2019-02-02,458.0,458.0,458.0,458.0,236816000,328000,19,458.0,458.0
2019-02-04,470.0,470.0,470.0,470.0,39155181,52841,8,458.0,470.0
2019-02-06,469.0,470.0,469.0,469.0,92926620,125563,28,470.0,470.0
2019-02-13,472.0,472.0,472.0,472.0,29800000,40000,4,469.0,472.0
2019-02-16,472.0,472.0,472.0,472.0,9163500,12300,2,472.0,472.0
2019-02-18,472.0,473.0,472.0,473.0,17764600,23800,7,472.0,473.0
2019-02-20,472.0,474.0,472.0,472.0,36860465,49457,16,473.0,474.0
2019-02-25,472.0,472.0,472.0,472.0,22424500,30100,7,472.0,472.0
2019-02-27,472.0,473.0,472.0,472.0,67235075,90235,20,472.0,473.0
2019-03-02,472.0,472.0,444.0,471.0,28996985,38993,8,472.0,444.0
2019-03-04,471.0,471.0,471.0,471.0,12249216,16464,5,471.0,471.0
2019-03-09,471.0,471.0,471.0,471.0,2976000,4000,2,471.0,471.0
2019-03-11,471.0,471.0,471.0,471.0,15884400,21350,5,471.0,471.0
2019-03-13,471.0,471.0,471.0,471.0,5580000,7500,2,471.0,471.0
2019-03-16,471.0,471.0,471.0,471.0,6774864,9106,4,471.0,471.0
2019-03-27,472.0,472.0,472.0,472.0,15034845,20181,5,471.0,472.0
2019-03-30,472.0,484.0,472.0,473.0,54576105,73129,12,472.0,484.0
2019-04-06,457.0,457.0,457.0,457.0,11962111,16591,3,473.0,457.0
2019-04-08,478.0,478.0,478.0,478.0,28381205,37591,3,457.0,478.0
2019-04-10,478.0,482.0,478.0,479.0,242168380,320407,25,478.0,482.0
2019-04-13,479.0,496.0,479.0,479.0,43598358,57637,9,479.0,496.0
2019-04-17,498.0,498.0,498.0,498.0,133081590,169315,37,479.0,498.0
2019-04-20,507.0,542.0,507.0,511.0,25364800,31431,13,498.0,542.0
2019-04-22,564.0,570.0,564.0,564.0,579955360,651624,88,511.0,570.0
2019-04-24,570.0,602.0,570.0,576.0,107064250,117718,20,564.0,602.0
2019-04-27,596.0,596.0,596.0,596.0,9823000,10450,6,576.0,596.0
2019-04-29,596.0,602.0,596.0,599.0,87651000,92800,11,596.0,602.0
2019-05-01,614.0,633.0,614.0,615.0,96165186,98994,18,599.0,633.0
2019-05-04,634.0,634.0,634.0,634.0,210714504,210504,20,615.0,634.0
2019-05-06,634.0,634.0,583.0,631.0,130245314,130714,15,634.0,583.0
2019-05-08,570.0,573.0,570.0,571.0,138275900,153476,22,631.0,573.0
2019-05-11,571.0,571.0,539.0,551.0,136029274,156403,15,571.0,539.0
2019-05-13,551.0,551.0,551.0,551.0,514170,591,2,551.0,551.0
2019-05-15,551.0,551.0,551.0,551.0,15497310,17813,6,551.0,551.0
2019-05-18,551.0,554.0,551.0,553.0,10577814,12113,4,551.0,554.0
2019-05-20,553.0,553.0,553.0,553.0,78572619,90003,19,553.0,553.0
2019-05-22,529.0,539.0,529.0,529.0,166848435,199761,18,553.0,539.0
2019-06-03,508.0,509.0,508.0,508.0,792999652,989968,66,529.0,509.0
2019-06-08,508.0,510.0,508.0,509.0,77192170,96170,6,508.0,510.0
2019-06-10,517.0,517.0,517.0,517.0,1060800,1300,2,509.0,517.0
2019-06-12,520.0,539.0,520.0,520.0,164242191,199948,16,517.0,539.0
2019-06-15,520.0,520.0,520.0,520.0,37527089,45709,5,520.0,520.0
2019-06-17,602.0,602.0,602.0,602.0,189050000,199000,30,520.0,602.0
2019-06-19,604.0,604.0,604.0,604.0,45849783,48111,8,602.0,604.0
2019-06-22,589.0,589.0,589.0,589.0,9850187,10603,3,604.0,589.0
2019-06-24,587.0,587.0,587.0,587.0,69023493,74459,9,589.0,587.0
2019-06-26,589.0,589.0,589.0,589.0,244544386,263234,33,587.0,589.0
2019-07-01,589.0,589.0,589.0,589.0,23138400,24880,21,589.0,589.0
2019-07-03,590.0,595.0,590.0,591.0,146467691,157065,21,589.0,595.0
2019-07-06,606.0,606.0,606.0,606.0,111998667,117031,5,591.0,606.0
2019-07-08,634.0,634.0,634.0,634.0,149796647,149647,15,606.0,634.0
2019-07-20,823.0,849.0,823.0,828.0,1346057306,1030289,87,634.0,849.0
2019-09-17,844.0,844.0,844.0,844.0,30959676,23243,4,828.0,844.0
2019-09-18,828.0,855.0,828.0,829.0,73948947,56533,21,844.0,828.0
2019-09-21,828.0,828.0,828.0,828.0,141643536,108456,13,829.0,828.0
2019-09-22,828.0,837.0,828.0,828.0,707340080,541580,45,828.0,828.0
2019-09-23,827.0,836.0,796.0,826.0,30460235,23367,11,828.0,796.0
2019-09-24,780.0,780.0,780.0,780.0,114661495,93145,25,826.0,780.0
2019-09-25,783.0,785.0,765.0,774.0,57621771,47161,16,780.0,765.0
2019-09-28,790.0,790.0,759.0,762.0,211866500,176317,35,774.0,776.0
2019-09-29,746.0,746.0,746.0,746.0,68192064,57888,12,762.0,746.0
2019-09-30,760.0,761.0,746.0,759.0,407809184,340684,31,746.0,759.0
2019-10-01,773.0,773.0,744.0,751.0,122079370,103058,22,759.0,744.0
2019-10-02,741.0,741.0,736.0,737.0,188788528,162371,28,751.0,736.0
2019-10-05,752.0,752.0,722.0,724.0,30334310,26535,13,737.0,722.0
2019-10-06,710.0,738.0,710.0,712.0,1004914624,893819,79,724.0,710.0
2019-10-07,726.0,726.0,711.0,723.0,1257438184,1102137,87,712.0,715.0
2019-10-08,737.0,737.0,709.0,718.0,273991610,241810,36,723.0,709.0
2019-10-09,705.0,732.0,705.0,723.0,389221712,341051,29,718.0,716.0
2019-10-12,716.0,728.0,709.0,709.0,3081550093,2752842,216,723.0,709.0
2019-10-13,722.0,722.0,695.0,698.0,1071857303,972668,78,709.0,695.0
2019-10-14,684.0,684.0,684.0,684.0,27361800,25335,6,698.0,684.0
2019-11-04,698.0,712.0,698.0,710.0,242580767,216491,15,684.0,712.0
2019-11-05,724.0,724.0,696.0,696.0,253503647,230625,35,710.0,696.0
2019-11-09,683.0,684.0,683.0,683.0,423867176,393196,39,696.0,683.0
2019-11-17,696.0,696.0,696.0,696.0,63027650,57350,6,683.0,696.0
2019-11-18,710.0,710.0,683.0,689.0,1629144181,1498326,118,696.0,683.0
2019-11-19,676.0,697.0,676.0,676.0,827207180,775460,76,689.0,676.0
2019-11-20,664.0,665.0,663.0,663.0,326601377,311960,37,676.0,664.0
2019-11-23,651.0,665.0,651.0,651.0,853627781,830802,65,663.0,651.0
2019-11-24,662.0,663.0,641.0,660.0,437216685,419664,44,651.0,663.0
2019-11-25,665.0,673.0,659.0,670.0,293106800,277246,51,660.0,673.0
2019-11-26,670.0,683.0,660.0,681.0,315482966,293451,48,670.0,683.0
2019-11-27,684.0,695.0,672.0,685.0,303454601,280596,54,681.0,695.0
2019-11-30,698.0,698.0,686.0,698.0,454997347,413222,36,685.0,698.0
2019-12-01,711.0,712.0,684.0,711.0,975340038,869173,89,698.0,712.0
2019-12-02,725.0,725.0,699.0,723.0,327712901,287149,67,711.0,715.0
2019-12-03,736.0,736.0,710.0,718.0,262595984,231787,60,723.0,712.0
2019-12-04,704.0,732.0,704.0,726.0,802186414,700659,75,718.0,732.0
2019-12-07,736.0,740.0,736.0,740.0,390654392,334811,25,726.0,740.0
2019-12-08,754.0,754.0,754.0,754.0,25611180,21522,4,740.0,754.0
2019-12-09,769.0,769.0,769.0,769.0,31047948,25596,7,754.0,769.0
2019-12-10,799.0,799.0,799.0,799.0,49730057,39437,8,769.0,799.0
2019-12-11,815.0,815.0,815.0,815.0,62304128,48448,14,799.0,815.0
2019-12-14,831.0,831.0,817.0,830.0,3889511083,2969225,158,815.0,831.0
2019-12-17,847.0,847.0,847.0,847.0,65498736,49026,11,830.0,847.0
2019-12-18,863.0,863.0,863.0,863.0,84328230,61915,6,847.0,863.0
2019-12-22,897.0,897.0,897.0,897.0,167681304,118419,19,863.0,897.0
2019-12-23,915.0,915.0,915.0,915.0,64590120,44730,11,897.0,915.0
2019-12-28,951.0,951.0,951.0,951.0,91841687,61187,10,915.0,951.0
2019-12-29,970.0,970.0,970.0,970.0,121679287,79477,7,951.0,970.0
2019-12-30,989.0,989.0,989.0,989.0,320223540,205140,11,970.0,989.0
2019-12-31,1009.0,1009.0,1009.0,1009.0,74107600,46550,5,989.0,1009.0
2020-01-01,1049.0,1049.0,1049.0,1049.0,116839690,70598,12,1009.0,1049.0
2020-01-04,1070.0,1070.0,1070.0,1070.0,4930936648,2921171,113,1049.0,1070.0
2020-01-05,1091.0,1091.0,1091.0,1091.0,111161111,64591,9,1070.0,1091.0
2020-01-07,1112.0,1112.0,1112.0,1112.0,233165790,132858,17,1091.0,1112.0
2020-01-08,1134.0,1134.0,1134.0,1134.0,18508446800,10339920,463,1112.0,1134.0
2020-01-11,1156.0,1156.0,1156.0,1156.0,4232224275,2319027,95,1134.0,1156.0
2020-01-12,1203.0,1203.0,1203.0,1203.0,3815359600,2010200,83,1156.0,1203.0
2020-01-13,1226.0,1226.0,1226.0,1226.0,3870193500,2000100,56,1203.0,1226.0
2020-01-14,1250.0,1250.0,1250.0,1250.0,7906314115,4007255,169,1226.0,1250.0
2020-01-15,1275.0,1275.0,1275.0,1275.0,208584040,103670,8,1250.0,1275.0
2020-01-18,1326.0,1326.0,1326.0,1326.0,159222120,76110,6,1275.0,1326.0
2020-01-19,1352.0,1352.0,1352.0,1352.0,2264394933,1061601,48,1326.0,1352.0
2020-01-20,1378.0,1378.0,1378.0,1378.0,62818350,28882,7,1352.0,1378.0
2020-01-21,1406.0,1406.0,1406.0,1406.0,4669184994,2105133,91,1378.0,1406.0
2020-01-26,1433.0,1433.0,1433.0,1433.0,1118873418,494639,22,1406.0,1433.0
2020-01-28,1490.0,1490.0,1490.0,1490.0,19383175392,8241146,376,1433.0,1490.0
2020-02-01,1520.0,1520.0,1461.0,1483.0,58078627110,24824079,1555,1490.0,1461.0
2020-02-02,1454.0,1512.0,1454.0,1470.0,13431399357,5788567,563,1483.0,1454.0
2020-02-03,1442.0,1488.0,1441.0,1447.0,7531704817,3298933,345,1470.0,1441.0
2020-02-04,1457.0,1457.0,1418.0,1419.0,8145591691,3636197,307,1447.0,1419.0
2020-02-05,1447.0,1447.0,1395.0,1438.0,11558374497,5093704,453,1419.0,1437.0
2020-02-08,1448.0,1448.0,1409.0,1418.0,2901406666,1297047,191,1438.0,1409.0
2020-02-09,1391.0,1391.0,1390.0,1390.0,700166898,319186,72,1418.0,1390.0
2020-02-10,1363.0,1363.0,1363.0,1363.0,938027439,436089,75,1390.0,1363.0
2020-02-12,1312.0,1388.0,1312.0,1359.0,2997042828,1396943,244,1363.0,1378.0
2020-02-15,1386.0,1386.0,1340.0,1377.0,4555079362,2096333,254,1359.0,1362.0
2020-02-16,1404.0,1404.0,1369.0,1403.0,6370499281,2876968,292,1377.0,1404.0
2020-02-17,1431.0,1431.0,1378.0,1422.0,9269455978,4130961,482,1403.0,1394.0
2020-02-18,1438.0,1444.0,1394.0,1407.0,4700143974,2116728,383,1422.0,1436.0
2020-02-19,1435.0,1435.0,1380.0,1423.0,5982194088,2665051,380,1407.0,1432.0
2020-02-22,1395.0,1439.0,1395.0,1407.0,5290215593,2383415,268,1423.0,1430.0
2020-02-23,1435.0,1435.0,1402.0,1431.0,8481995347,3755031,324,1407.0,1426.0
2020-02-24,1430.0,1460.0,1407.0,1449.0,10345511487,4523839,575,1431.0,1445.0
2020-02-25,1468.0,1478.0,1445.0,1477.0,18923711055,8119560,661,1449.0,1478.0
2020-02-26,1506.0,1506.0,1504.0,1506.0,7661617512,3223340,304,1477.0,1506.0
2020-02-29,1477.0,1536.0,1476.0,1510.0,12311500001,5165977,367,1506.0,1536.0
2020-03-01,1540.0,1540.0,1540.0,1540.0,2616534090,1076763,100,1510.0,1540.0
2020-03-02,1601.0,1601.0,1601.0,1566.0,4620596757,1828491,121,1540.0,1601.0
2020-03-03,1598.0,1598.0,1549.0,1591.0,13955136719,5557240,584,1566.0,1572.0
2020-03-04,1560.0,1560.0,1560.0,1586.0,1597720576,649216,115,1591.0,1560.0
2020-03-07,1554.0,1554.0,1554.0,1585.0,337748664,137688,30,1586.0,1554.0
2020-03-09,1553.0,1553.0,1553.0,1563.0,6632369235,2705985,162,1585.0,1553.0
2020-03-10,1501.0,1527.0,1501.0,1502.0,12588523450,5312055,407,1563.0,1508.0
2020-03-11,1478.0,1532.0,1473.0,1503.0,3043716255,1280561,221,1502.0,1480.0
2020-03-14,1475.0,1502.0,1473.0,1499.0,1430491825,614761,45,1503.0,1473.0
2020-03-15,1469.0,1469.0,1469.0,1497.0,324596494,140033,16,1499.0,1469.0
2020-03-16,1468.0,1521.0,1468.0,1487.0,3462081804,1494371,97,1497.0,1468.0
2020-03-17,1428.0,1429.0,1428.0,1475.0,2031188306,901139,104,1487.0,1428.0
2020-03-18,1445.0,1446.0,1445.0,1468.0,2135875333,936371,123,1475.0,1445.0
2020-03-24,1439.0,1497.0,1439.0,1459.0,4746701661,2074029,230,1468.0,1482.0
2020-03-25,1461.0,1489.0,1461.0,1474.0,5512752011,2349938,201,1459.0,1489.0
2020-03-28,1458.0,1503.0,1458.0,1492.0,6793615126,2867602,302,1474.0,1503.0
2020-03-29,1522.0,1522.0,1463.0,1509.0,8968114118,3761052,406,1492.0,1522.0
2020-03-30,1479.0,1539.0,1479.0,1520.0,7010186363,2913344,301,1509.0,1539.0
2020-04-04,1549.0,1549.0,1494.0,1537.0,6323102631,2588998,228,1520.0,1549.0
2020-04-05,1565.0,1568.0,1507.0,1535.0,5879396572,2430141,298,1537.0,1526.0
2020-04-06,1565.0,1565.0,1509.0,1535.0,2559781094,1054607,139,1535.0,1545.0
2020-04-07,1546.0,1566.0,1506.0,1555.0,12865671165,5241700,336,1535.0,1566.0
2020-04-08,1586.0,1586.0,1524.0,1570.0,6671312161,2679884,213,1555.0,1586.0
2020-04-11,1601.0,1601.0,1598.0,1601.0,24883991876,9851255,504,1570.0,1601.0
2020-04-12,1632.0,1632.0,1585.0,1618.0,7752447252,3025804,266,1601.0,1632.0
2020-04-13,1650.0,1650.0,1629.0,1648.0,16646302755,6400814,200,1618.0,1650.0
2020-04-14,1650.0,1681.0,1615.0,1660.0,9423754221,3593133,298,1648.0,1681.0
2020-04-15,1632.0,1693.0,1627.0,1678.0,23928143794,9037735,362,1660.0,1693.0
2020-04-18,1711.0,1711.0,1711.0,1711.0,18849407400,6981262,376,1678.0,1711.0
2020-04-19,1745.0,1745.0,1677.0,1718.0,19027293670,7018115,433,1711.0,1677.0
2020-04-20,1685.0,1752.0,1685.0,1751.0,33153922971,12000758,298,1718.0,1752.0
2020-04-21,1786.0,1786.0,1786.0,1759.0,2591537066,919637,55,1751.0,1786.0
2020-04-22,1794.0,1794.0,1794.0,1762.0,859579361,303631,32,1759.0,1794.0
2020-04-25,1832.0,1832.0,1832.0,1783.0,3074439732,1063452,51,1762.0,1832.0
2020-04-26,1818.0,1818.0,1818.0,1795.0,3771552972,1314588,87,1783.0,1818.0
2020-04-27,1831.0,1831.0,1831.0,1811.0,4655944179,1611611,73,1795.0,1831.0
2020-04-28,1847.0,1847.0,1847.0,1821.0,2918943995,1001353,60,1811.0,1847.0
2020-04-29,1893.0,1893.0,1893.0,1840.0,2707761456,906212,73,1821.0,1893.0
2020-05-02,1876.0,1876.0,1876.0,1852.0,3423256515,1156115,58,1840.0,1876.0
2020-05-03,1888.0,1888.0,1888.0,1861.0,2490380040,835698,49,1852.0,1888.0
2020-05-04,1897.0,1897.0,1897.0,1870.0,2643678048,882992,54,1861.0,1897.0
2020-05-05,1945.0,1945.0,1945.0,1945.0,11269677969,3672101,146,1870.0,1945.0
2020-05-06,1983.0,1983.0,1983.0,1983.0,10819148610,3456597,114,1945.0,1983.0
2020-05-09,2023.0,2023.0,2023.0,1998.0,3706192896,1161088,49,1983.0,2023.0
2020-05-10,2038.0,2038.0,2038.0,2018.0,5043466272,1568242,69,1998.0,2038.0
2020-05-11,2098.0,2098.0,2098.0,2041.0,3056533095,923145,58,2018.0,2098.0
2020-05-12,2082.0,2082.0,2082.0,2068.0,7081671600,2155760,125,2041.0,2082.0
2020-05-13,2110.0,2110.0,2110.0,2087.0,4720508684,1417996,45,2068.0,2110.0
2020-05-16,2128.0,2128.0,2128.0,2106.0,4872612468,1451046,42,2087.0,2128.0
2020-05-17,2190.0,2190.0,2190.0,2168.0,7767380736,2247506,53,2106.0,2190.0
2020-05-18,2212.0,2212.0,2212.0,2178.0,2274537700,651730,21,2168.0,2212.0
2020-05-19,2221.0,2221.0,2221.0,2179.0,352056220,100444,14,2178.0,2221.0
2020-05-20,2222.0,2222.0,2222.0,2181.0,297060435,84705,21,2179.0,2222.0
2020-05-23,2267.0,2267.0,2267.0,2182.0,258921970,72365,12,2181.0,2267.0
2020-05-26,2226.0,2226.0,2226.0,2203.0,4835865960,1376955,46,2182.0,2226.0
2020-05-27,2246.0,2246.0,2246.0,2214.0,2727349295,769351,42,2203.0,2246.0
2020-05-30,2258.0,2258.0,2258.0,2216.0,509562445,143015,8,2214.0,2258.0
2020-05-31,2304.0,2304.0,2304.0,2238.0,2622388644,721229,24,2216.0,2304.0
2020-06-01,2283.0,2283.0,2283.0,2245.0,1551273340,430670,21,2238.0,2283.0
2020-06-02,2290.0,2290.0,2290.0,2250.0,1154324596,319492,15,2245.0,2290.0
2020-06-06,2295.0,2295.0,2295.0,2252.0,383142404,105782,10,2250.0,2295.0
2020-06-07,2342.0,2342.0,2342.0,2257.0,602355600,162975,16,2252.0,2342.0
2020-06-08,2302.0,2302.0,2302.0,2258.0,236646354,65138,5,2257.0,2302.0
2020-06-09,2303.0,2303.0,2303.0,2261.0,535526375,147325,13,2258.0,2303.0
2020-06-10,2306.0,2306.0,2306.0,2274.0,2936833116,807044,20,2261.0,2306.0
2020-06-13,2364.0,2364.0,2364.0,2283.0,1029132923,275833,15,2274.0,2364.0
2020-06-14,2328.0,2328.0,2328.0,2287.0,994493016,270684,17,2283.0,2328.0
2020-06-15,2333.0,2333.0,2333.0,2290.0,775060317,210557,15,2287.0,2333.0
2020-06-16,2336.0,2336.0,2336.0,2298.0,1816962096,492936,13,2290.0,2336.0
2020-06-21,2344.0,2344.0,2344.0,2300.0,442888668,119732,9,2298.0,2344.0
2020-06-22,2346.0,2346.0,2346.0,2307.0,1356879252,366526,20,2300.0,2346.0
2020-06-23,2352.0,2352.0,2352.0,2310.0,911800832,245636,16,2307.0,2352.0
2020-06-24,2356.0,2356.0,2356.0,2315.0,946744084,254638,12,2310.0,2356.0
2020-06-27,2407.0,2407.0,2407.0,2317.0,305918274,80526,14,2315.0,2407.0
2020-06-28,2364.0,2364.0,2364.0,2325.0,1632587430,437691,23,2317.0,2364.0
2020-06-29,2371.0,2371.0,2371.0,2332.0,1525519850,407675,27,2325.0,2371.0
2020-06-30,2378.0,2378.0,2378.0,2335.0,524181510,139670,26,2332.0,2378.0
2020-07-01,2428.0,2428.0,2428.0,2341.0,778424721,203191,14,2335.0,2428.0
2020-07-04,2388.0,2388.0,2388.0,2347.0,1321569480,350735,25,2341.0,2388.0
2020-07-05,2394.0,2394.0,2394.0,2348.0,287162002,76009,8,2347.0,2394.0
2020-07-06,2395.0,2395.0,2395.0,2359.0,2304310680,609606,35,2348.0,2395.0
2020-07-07,2453.0,2453.0,2453.0,2372.0,1381273446,356826,18,2359.0,2453.0
2020-07-08,2419.0,2419.0,2419.0,2377.0,1057045627,276931,18,2372.0,2419.0
2020-07-11,2424.0,2424.0,2424.0,2379.0,489617046,127971,14,2377.0,2424.0
2020-07-12,2427.0,2427.0,2427.0,2385.0,1084579400,283180,9,2379.0,2427.0
2020-07-13,2478.0,2478.0,2478.0,2388.0,522706366,133582,13,2385.0,2478.0
2020-07-14,2436.0,2436.0,2436.0,2391.0,505052874,131319,12,2388.0,2436.0
2020-07-15,2438.0,2438.0,2438.0,2392.0,337976100,87786,10,2391.0,2438.0
2020-07-18,2440.0,2440.0,2440.0,2393.0,268195500,69625,9,2392.0,2440.0
2020-07-19,2489.0,2489.0,2489.0,2397.0,317779800,80860,12,2393.0,2489.0
2020-07-20,2444.0,2444.0,2444.0,2398.0,427677534,110826,10,2397.0,2444.0
2020-07-21,2446.0,2446.0,2446.0,2401.0,550392930,142515,19,2398.0,2446.0
2020-07-22,2449.0,2449.0,2449.0,2403.0,355061172,91842,9,2401.0,2449.0
2020-07-25,2499.0,2499.0,2499.0,2410.0,734835150,186270,12,2403.0,2499.0
2020-07-26,2458.0,2458.0,2458.0,2412.0,358592757,92397,11,2410.0,2458.0
2020-07-27,2460.0,2460.0,2460.0,2414.0,428222652,110253,11,2412.0,2460.0
2020-07-28,2462.0,2462.0,2462.0,2415.0,269252490,69270,5,2414.0,2462.0
2020-07-29,2511.0,2511.0,2511.0,2417.0,181097410,45674,8,2415.0,2511.0
2020-08-01,2465.0,2465.0,2465.0,2419.0,525458920,135010,13,2417.0,2465.0
2020-08-02,2468.0,2468.0,2468.0,2423.0,845381352,216987,11,2419.0,2468.0
2020-08-04,2471.0,2471.0,2471.0,2429.0,1201035600,307800,16,2423.0,2471.0
2020-08-11,2477.0,2477.0,2477.0,2429.0,14666250,3750,2,2429.0,2477.0
2020-08-12,2477.0,2477.0,2477.0,2457.0,5863375111,1499201,87,2429.0,2477.0
2020-08-15,2506.0,2506.0,2506.0,2468.0,2345919868,593003,16,2457.0,2506.0
2020-08-16,2517.0,2517.0,2517.0,2470.0,383232690,96435,6,2468.0,2517.0
2020-08-17,2569.0,2569.0,2569.0,2472.0,199709328,49238,9,2470.0,2569.0
2020-08-19,2521.0,2521.0,2521.0,2473.0,159164361,39981,16,2472.0,2521.0
2020-08-22,2522.0,2522.0,2522.0,2473.0,119081710,29905,10,2473.0,2522.0
2020-08-23,2572.0,2572.0,2572.0,2518.0,4690788002,1155082,26,2473.0,2572.0
2020-08-24,2568.0,2568.0,2568.0,2568.0,13515679248,3333912,62,2518.0,2568.0
2020-08-25,2619.0,2619.0,2619.0,2568.0,29164155,7053,4,2568.0,2619.0
2020-08-26,2619.0,2619.0,2619.0,2568.0,35908340,8684,4,2568.0,2619.0
2020-08-31,2670.0,2670.0,2670.0,2569.0,138984656,32966,6,2568.0,2670.0
2020-09-01,2620.0,2620.0,2620.0,2569.0,29087247,7031,5,2569.0,2620.0
2020-09-02,2620.0,2620.0,2620.0,2569.0,11546367,2791,3,2569.0,2620.0
2020-09-05,2620.0,2620.0,2620.0,2569.0,2912448,704,4,2569.0,2620.0
2020-09-26,3483.0,3483.0,3483.0,3483.0,14501168000,2636576,135,2569.0,3483.0
2020-09-27,3414.0,3553.0,3414.0,3484.0,56866947922,10337179,441,3483.0,3553.0
2020-09-28,3554.0,3554.0,3415.0,3539.0,10925290706,1947593,191,3484.0,3554.0
2020-09-29,3609.0,3609.0,3609.0,3559.0,4094691062,718619,32,3539.0,3609.0
2020-10-03,3665.0,3665.0,3665.0,3570.0,2139060384,369632,25,3559.0,3665.0
2020-10-04,3677.0,3677.0,3677.0,3635.0,12608639955,2172031,74,3570.0,3677.0
2020-10-05,3744.0,3744.0,3744.0,3677.0,8030004835,1358485,37,3635.0,3744.0
2020-10-07,3787.0,3787.0,3787.0,3706.0,5569067802,931438,26,3677.0,3787.0
2020-10-10,3891.0,3891.0,3891.0,3784.0,8811101476,1434332,49,3706.0,3891.0
2020-10-11,3897.0,3897.0,3897.0,3805.0,3876125421,629957,27,3784.0,3897.0
2020-10-12,3919.0,3919.0,3919.0,3829.0,4425957068,715364,38,3805.0,3919.0
2020-10-13,3943.0,3943.0,3943.0,3852.0,4405168944,707544,40,3829.0,3943.0
2020-10-14,4045.0,4045.0,4045.0,3906.0,6090941256,953796,40,3852.0,4045.0
2020-10-18,4023.0,4023.0,4023.0,3917.0,2000066944,314872,16,3906.0,4023.0
2020-10-19,4034.0,4034.0,4034.0,3938.0,3537299220,555306,28,3917.0,4034.0
2020-10-20,4055.0,4055.0,4055.0,3955.0,3033177936,473712,24,3938.0,4055.0
2020-10-21,4152.0,4152.0,4152.0,4021.0,7106035288,1083898,51,3955.0,4152.0
2020-10-24,4141.0,4141.0,4141.0,4024.0,493906672,75544,9,4021.0,4141.0
2020-10-26,4144.0,4144.0,4144.0,4032.0,1426910526,218082,14,4024.0,4144.0
2020-10-27,4152.0,4152.0,3912.0,4079.0,48905326287,7593782,481,4032.0,3912.0
2020-10-28,3957.0,4201.0,3957.0,4107.0,239591533591,36953648,1866,4079.0,4022.0
2020-10-31,3984.0,4117.0,3984.0,3999.0,65035642783,10300098,697,4107.0,3984.0
2020-11-01,3882.0,4053.0,3879.0,3889.0,47200004125,7686677,377,3999.0,3984.0
2020-11-02,3778.0,4005.0,3778.0,3931.0,10532131938,1682230,164,3889.0,4005.0
2020-11-04,4048.0,4048.0,4048.0,4005.0,12384250712,1937461,47,3931.0,4048.0
2020-11-07,4124.0,4124.0,4031.0,4119.0,35591174292,5472620,367,4005.0,4124.0
2020-11-08,4307.0,4325.0,4124.0,4316.0,46348724699,6801510,423,4119.0,4325.0
2020-11-09,4445.0,4445.0,4445.0,4445.0,22687614950,3232775,71,4316.0,4445.0
2020-11-10,4578.0,4578.0,4578.0,4500.0,9470031636,1310187,32,4445.0,4578.0
2020-11-11,4635.0,4635.0,4635.0,4572.0,12426059134,1698013,40,4500.0,4635.0
2020-11-14,4800.0,4800.0,4800.0,4784.0,19555714750,2580250,60,4572.0,4800.0
2020-11-15,4927.0,4927.0,4927.0,4844.0,8998900380,1156671,23,4784.0,4927.0
2020-11-16,4989.0,4989.0,4989.0,4900.0,8369249484,1062492,20,4844.0,4989.0
2020-11-17,5047.0,5047.0,5047.0,5010.0,16565495904,2079003,33,4900.0,5047.0
2020-11-18,5260.0,5260.0,5260.0,5156.0,13441783685,1618517,42,5010.0,5260.0
2020-11-21,5311.0,5311.0,5311.0,5302.0,19521487440,2328144,53,5156.0,5311.0
2020-11-22,5461.0,5461.0,5461.0,5306.0,466650891,54117,14,5302.0,5461.0
2020-11-23,5465.0,5465.0,5465.0,5314.0,1008057038,116822,13,5306.0,5465.0
2020-11-24,5579.0,5579.0,5579.0,5466.0,12391858143,1406727,61,5314.0,5579.0
2020-11-25,5629.0,5629.0,5629.0,5629.0,77516582084,8721493,276,5466.0,5629.0
2020-11-28,5798.0,5798.0,5798.0,5751.0,14837352440,1620860,54,5629.0,5798.0
2020-11-29,5923.0,5923.0,5923.0,5834.0,10105892776,1080613,30,5751.0,5923.0
2020-11-30,6125.0,6125.0,5542.0,5971.0,186272510015,19757944,1479,5834.0,5770.0
2020-12-01,5793.0,6150.0,5793.0,6051.0,209796846015,21958089,1547,5971.0,6150.0
2020-12-02,6226.0,6232.0,6051.0,6225.0,68088606849,6927589,731,6051.0,6232.0
2020-12-05,6411.0,6411.0,6411.0,6361.0,15017996896,1483552,57,6225.0,6411.0
2020-12-06,6679.0,6679.0,6679.0,6679.0,22217408130,2106914,148,6361.0,6679.0
2020-12-07,6879.0,6879.0,6879.0,6841.0,17915121751,1649491,121,6679.0,6879.0
2020-12-08,7046.0,7046.0,7046.0,7017.0,19454732500,1748740,108,6841.0,7046.0
2020-12-09,7227.0,7227.0,7227.0,7227.0,65656862842,5753822,254,7017.0,7227.0
2020-12-12,7588.0,7588.0,7588.0,7588.0,21653872331,1807351,143,7227.0,7588.0
2020-12-13,7816.0,7816.0,7816.0,7816.0,55576595840,4503776,283,7588.0,7816.0
2020-12-14,8050.0,8050.0,8050.0,8050.0,23860737200,1877320,78,7816.0,8050.0
2020-12-15,8291.0,8291.0,7809.0,7963.0,332278437546,26426989,1986,8050.0,7809.0
2020-12-16,7726.0,8164.0,7724.0,7807.0,185517468447,15050270,1791,7963.0,7724.0
2020-12-19,7584.0,7980.0,7574.0,7604.0,78419927802,6531520,1052,7807.0,7574.0
2020-12-29,8980.0,9240.0,8711.0,8787.0,108604008964,12359331,1176,7604.0,8711.0
2020-12-30,8530.0,9050.0,8524.0,8895.0,203526609614,22881556,2243,8787.0,9050.0
2021-01-02,9161.0,9161.0,9050.0,9160.0,60874161555,6645322,339,8895.0,9161.0
2021-01-03,9434.0,9434.0,9434.0,9434.0,32277864960,3421440,75,9160.0,9434.0
2021-01-04,9905.0,9905.0,8963.0,9622.0,336367290946,34958426,3185,9434.0,9230.0
2021-01-05,9334.0,9910.0,9334.0,9604.0,223997540437,23322180,2926,9622.0,9500.0
2021-01-06,9604.0,9604.0,9316.0,9354.0,87722000406,9378020,1119,9604.0,9316.0
2021-01-09,9074.0,9234.0,9074.0,9075.0,22826116677,2515153,337,9354.0,9074.0
2021-01-10,8803.0,9320.0,8803.0,8895.0,76596220187,8610975,1010,9075.0,8803.0
2021-01-11,8550.0,9339.0,8451.0,8918.0,172243554833,19313587,2079,8895.0,9339.0
2021-01-12,9185.0,9185.0,9185.0,9100.0,13411137905,1460113,92,8918.0,9185.0
2021-01-13,9373.0,9373.0,9373.0,9304.0,15011834292,1601604,80,9100.0,9373.0
2021-01-16,9583.0,9583.0,9025.0,9384.0,225695563698,24050999,1876,9304.0,9105.0
2021-01-18,9103.0,9230.0,9103.0,9114.0,30520220597,3348879,347,9384.0,9103.0
2021-01-19,8842.0,9387.0,8842.0,9331.0,127612435992,13676860,1416,9114.0,9387.0
2021-01-20,9200.0,9610.0,9200.0,9576.0,140518279548,14673439,1347,9331.0,9500.0
2021-01-23,9672.0,9672.0,9289.0,9312.0,32388537232,3478108,273,9576.0,9289.0
2021-01-24,9033.0,9510.0,9033.0,9123.0,117154893097,12842161,1801,9312.0,9120.0
2021-01-25,9000.0,9396.0,8900.0,9377.0,70763720674,7546763,485,9123.0,9396.0
2021-01-26,9658.0,9658.0,9300.0,9638.0,127370653561,13215705,1194,9377.0,9658.0
2021-01-27,9351.0,9927.0,9351.0,9696.0,50926843680,5252208,953,9638.0,9630.0
2021-02-15,9510.0,9984.0,9503.0,9535.0,36683349471,3847179,340,9696.0,9503.0
2021-02-16,9345.0,9572.0,9345.0,9358.0,59134932677,6319374,682,9535.0,9346.0
2021-02-17,9182.0,9342.0,9171.0,9177.0,35638676520,3883620,457,9358.0,9171.0
2021-02-20,8994.0,9171.0,8994.0,8995.0,24932091148,2771889,237,9177.0,8994.0
2021-02-21,8816.0,8818.0,8816.0,8901.0,10048526465,1139805,184,8995.0,8816.0
2021-02-22,8545.0,8600.0,8545.0,8721.0,9425551975,1103045,140,8901.0,8545.0
2021-02-23,8547.0,8547.0,8547.0,8718.0,269999730,31590,7,8721.0,8547.0
2021-02-24,8544.0,8544.0,8544.0,8707.0,1161864384,135986,35,8718.0,8544.0
2021-02-27,8533.0,8533.0,8533.0,8706.0,110877802,12994,4,8707.0,8533.0
2021-02-28,8358.0,8358.0,8358.0,8685.0,1173989754,140463,10,8706.0,8358.0
2021-03-01,8512.0,8512.0,8512.0,8684.0,65261504,7667,7,8685.0,8512.0
2021-03-02,8511.0,8511.0,8511.0,8681.0,349734012,41092,8,8684.0,8511.0
2021-03-03,8508.0,8508.0,8508.0,8678.0,325439508,38251,6,8681.0,8508.0
2021-03-15,8505.0,8505.0,8505.0,8678.0,32438070,3814,3,8678.0,8505.0
2021-03-16,8505.0,8505.0,8505.0,8658.0,2236610880,262976,15,8678.0,8505.0
2021-03-17,8485.0,8485.0,8485.0,8657.0,132790250,15650,12,8658.0,8485.0
2021-03-27,8484.0,8800.0,8484.0,8529.0,21825979508,2558944,538,8657.0,8500.0
2021-03-28,8359.0,8500.0,8359.0,8523.0,717411394,85762,49,8529.0,8359.0
2021-03-30,8353.0,8353.0,8353.0,8523.0,25059000,3000,3,8523.0,8353.0
2021-03-31,8353.0,8353.0,8353.0,8522.0,100912593,12081,6,8523.0,8353.0
2021-04-03,8352.0,8352.0,8352.0,8522.0,5078016,608,1,8522.0,8352.0
2021-04-04,8182.0,8182.0,8182.0,8521.0,73605272,8996,9,8522.0,8182.0
2021-04-06,8351.0,8351.0,8351.0,8521.0,24451728,2928,3,8521.0,8351.0
2021-04-10,8181.0,8181.0,8181.0,8521.0,11453400,1400,2,8521.0,8181.0
2021-04-14,8181.0,8181.0,8181.0,8520.0,44161038,5398,3,8521.0,8181.0
2021-04-17,8350.0,8670.0,8350.0,8409.0,39725009919,4723912,635,8520.0,8350.0
2021-04-18,8241.0,8241.0,8241.0,8407.0,173061000,21000,7,8409.0,8241.0
2021-04-19,8239.0,8239.0,8239.0,8407.0,6591200,800,1,8407.0,8239.0
2021-04-20,8071.0,8071.0,8071.0,8234.0,9733513006,1205986,102,8407.0,8071.0
2021-04-21,8070.0,8070.0,8070.0,8233.0,161400000,20000,3,8234.0,8070.0
2021-04-24,8069.0,8069.0,8069.0,8233.0,7746240,960,1,8233.0,8069.0
2021-04-25,8069.0,8069.0,8069.0,8233.0,5559541,689,1,8233.0,8069.0
2021-04-26,7904.0,7904.0,7904.0,8233.0,23712000,3000,2,8233.0,7904.0
2021-05-02,7904.0,7904.0,7904.0,8225.0,442624000,56000,8,8233.0,7904.0
2021-05-11,8061.0,8061.0,8061.0,8218.0,806100000,100000,1,8225.0,8061.0
2021-05-12,8054.0,8054.0,8054.0,8211.0,805400000,100000,2,8218.0,8054.0
2021-05-15,7801.0,7801.0,7801.0,8208.0,67478650,8650,2,8211.0,7801.0
2021-05-18,7962.0,7962.0,7962.0,8207.0,58743636,7378,3,8208.0,7962.0
2021-05-19,7797.0,7797.0,7797.0,8135.0,1665431403,213599,6,8207.0,7797.0
2021-05-24,7891.0,7891.0,7891.0,8133.0,78910000,10000,1,8135.0,7891.0
2021-05-30,7890.0,7890.0,7890.0,7890.0,60970259040,7727536,96,8133.0,7890.0
2021-05-31,7496.0,7630.0,7496.0,7496.0,103190594508,13765319,524,7890.0,7496.0
2021-06-01,7272.0,7610.0,7272.0,7299.0,104759267283,14352406,876,7496.0,7480.0
2021-06-02,7514.0,7517.0,7081.0,7171.0,13535465432,1887443,496,7299.0,7090.0
2021-06-07,6956.0,7350.0,6956.0,7000.0,16546281764,2363624,420,7171.0,6956.0
2021-06-08,7158.0,7158.0,6790.0,6890.0,10767077431,1562815,335,7000.0,6898.0
2021-06-09,6790.0,6929.0,6688.0,6814.0,4920443907,729480,118,6890.0,6720.0
2021-06-12,6996.0,6996.0,6610.0,6740.0,4104326894,618308,96,6814.0,6645.0
2021-06-13,6546.0,6648.0,6542.0,6666.0,3622200858,553425,76,6740.0,6542.0
2021-06-14,6510.0,6579.0,6510.0,6625.0,2772643365,424917,79,6666.0,6550.0
2021-06-15,6470.0,6500.0,6440.0,6563.0,3574935785,553353,90,6625.0,6500.0
2021-06-16,6563.0,6758.0,6563.0,6570.0,1469483357,222237,87,6563.0,6567.0
2021-06-19,6750.0,6750.0,6400.0,6573.0,648919061,98152,46,6570.0,6670.0
2021-06-20,6740.0,6740.0,6573.0,6582.0,1128893121,169593,76,6573.0,6662.0
2021-06-21,6740.0,6740.0,6580.0,6583.0,2224517665,337663,55,6582.0,6582.0
2021-06-22,6583.0,6745.0,6583.0,6587.0,1692078546,256192,71,6583.0,6583.0
2021-06-23,6587.0,6784.0,6587.0,6637.0,3894270468,579643,146,6587.0,6784.0
2021-06-26,6836.0,6836.0,6830.0,6796.0,8212087636,1201301,152,6637.0,6836.0
2021-06-27,6999.0,6999.0,6999.0,6999.0,15147515760,2164240,181,6796.0,6999.0
2021-06-28,7208.0,7208.0,7208.0,7208.0,12770334312,1771689,122,6999.0,7208.0
2021-06-29,7424.0,7424.0,6992.0,7181.0,24146052399,3362365,437,7208.0,7036.0
2021-06-30,6970.0,7181.0,6966.0,6971.0,14647904605,2101279,192,7181.0,6966.0
2021-07-03,6770.0,6971.0,6770.0,6942.0,1614549964,237676,81,6971.0,6770.0
2021-07-04,6745.0,6999.0,6739.0,6922.0,2354234834,343362,90,6942.0,6811.0
2021-07-05,7000.0,7000.0,6715.0,6812.0,5426088948,806676,103,6922.0,6715.0
2021-07-06,6622.0,6786.0,6612.0,6777.0,1720747642,260079,103,6812.0,6613.0
2021-07-07,6579.0,6708.0,6575.0,6710.0,3284358629,498886,95,6777.0,6575.0
2021-07-10,6520.0,6911.0,6520.0,6744.0,5654604044,835094,232,6710.0,6879.0
2021-07-11,6626.0,6895.0,6545.0,6730.0,1915453466,287210,157,6744.0,6698.0
2021-07-12,6561.0,6722.0,6535.0,6670.0,4928324110,745576,139,6730.0,6599.0
2021-07-13,6488.0,6749.0,6488.0,6658.0,1130679680,172150,78,6670.0,6530.0
2021-07-14,6499.0,6663.0,6499.0,6648.0,1165886896,177246,99,6658.0,6553.0
2021-07-17,6554.0,6600.0,6454.0,6612.0,2581831056,396562,124,6648.0,6455.0
2021-07-18,6456.0,6608.0,6423.0,6587.0,1584575494,245333,71,6612.0,6432.0
2021-07-19,6391.0,6699.0,6391.0,6565.0,2567933424,394976,170,6587.0,6440.0
2021-07-27,6565.0,6565.0,6565.0,6565.0,136814600,20840,6,6565.0,6565.0
2021-07-28,6369.0,6737.0,6369.0,6546.0,4101026004,629082,102,6565.0,6565.0
2021-07-31,6546.0,6550.0,6490.0,6545.0,2165140063,331046,83,6546.0,6546.0
2021-08-01,6545.0,6690.0,6540.0,6556.0,2787528189,423445,82,6545.0,6660.0
2021-08-02,6557.0,6720.0,6540.0,6558.0,1824637276,277873,63,6556.0,6550.0
2021-08-03,6694.0,6730.0,6520.0,6560.0,2006474815,305489,78,6558.0,6558.0
2021-08-04,6699.0,6699.0,6500.0,6556.0,2044449257,312603,62,6560.0,6550.0
2021-08-07,6555.0,6582.0,6500.0,6552.0,2071148897,316732,59,6556.0,6525.0
2021-08-08,6552.0,6560.0,6510.0,6551.0,1005234029,153718,56,6552.0,6540.0
2021-08-09,6678.0,6678.0,6355.0,6542.0,2603024957,399525,67,6551.0,6355.0
2021-08-10,6538.0,6672.0,6520.0,6542.0,1173486685,179386,71,6542.0,6585.0
2021-08-11,6542.0,6580.0,6353.0,6532.0,1776378200,273967,92,6542.0,6450.0
2021-08-14,6532.0,6546.0,6372.0,6516.0,2659107966,410758,84,6532.0,6383.0
2021-08-15,6499.0,6510.0,6321.0,6463.0,3350625810,526582,77,6516.0,6450.0
2021-08-22,6463.0,6547.0,6433.0,6462.0,2519430297,390164,95,6463.0,6450.0
2021-08-23,6462.0,6469.0,6300.0,6449.0,2400098431,374573,82,6462.0,6331.0
2021-08-24,6449.0,6639.0,6301.0,6431.0,4504300787,702764,152,6449.0,6570.0
2021-08-25,6433.0,6623.0,6433.0,6492.0,3590140804,543604,175,6431.0,6616.0
2021-08-28,6638.0,6686.0,6440.0,6529.0,3854627250,584925,167,6492.0,6670.0
2021-08-29,6670.0,6724.0,6601.0,6723.0,13891846131,2066225,218,6529.0,6724.0
2021-08-30,6924.0,6924.0,6924.0,6924.0,13676928732,1975293,113,6723.0,6924.0
2021-08-31,7131.0,7131.0,7131.0,7131.0,14014112178,1965238,81,6924.0,7131.0
2021-09-01,7487.0,7487.0,6862.0,7314.0,26457973240,3617491,484,7131.0,7200.0
2021-09-04,7200.0,7415.0,7095.0,7240.0,11232251612,1551356,279,7314.0,7211.0
2021-09-05,7397.0,7397.0,7024.0,7240.0,6051693659,835821,145,7240.0,7201.0
2021-09-06,7457.0,7457.0,7023.0,7358.0,15845358739,2153384,278,7240.0,7285.0
2021-09-07,7191.0,7494.0,7141.0,7319.0,3279296502,452971,99,7358.0,7160.0
2021-09-08,7101.0,7394.0,7100.0,7265.0,2865640059,401602,108,7319.0,7101.0
2021-09-11,7100.0,7197.0,7048.0,7186.0,3592612830,509423,108,7265.0,7048.0
2021-09-12,7165.0,7165.0,6971.0,7054.0,5956366352,854173,81,7186.0,6971.0
2021-09-13,6843.0,6848.0,6843.0,6889.0,7346169868,1073524,58,7054.0,6843.0
2021-09-14,6683.0,6820.0,6683.0,6835.0,2497489905,373273,97,6889.0,6700.0
2021-09-15,6630.0,6690.0,6630.0,6689.0,6534647549,985467,137,6835.0,6630.0
2021-09-18,6500.0,6649.0,6489.0,6662.0,1356903712,208938,36,6689.0,6649.0
2021-09-19,6594.0,6660.0,6463.0,6628.0,1667315699,257823,27,6662.0,6463.0
2021-09-20,6450.0,6590.0,6440.0,6605.0,1297578120,201052,49,6628.0,6543.0
2021-09-21,6407.0,6767.0,6407.0,6573.0,1827293973,283903,60,6605.0,6609.0
2021-09-22,6750.0,6750.0,6377.0,6564.0,980369351,151088,64,6573.0,6600.0
2021-09-25,6698.0,6698.0,6369.0,6555.0,511010739,80011,39,6564.0,6372.0
2021-09-26,6359.0,6740.0,6359.0,6542.0,1180733572,183120,51,6555.0,6537.0
2021-09-28,6350.0,6530.0,6346.0,6532.0,503016624,79111,53,6542.0,6360.0
2021-09-29,6337.0,6723.0,6337.0,6542.0,2461302888,374455,131,6532.0,6679.0
2021-10-02,6728.0,6728.0,6440.0,6542.0,450662672,68933,34,6542.0,6500.0
2021-10-03,6590.0,6590.0,6353.0,6535.0,435739127,68176,29,6542.0,6355.0
2021-10-04,6380.0,6400.0,6339.0,6509.0,1318147737,207754,53,6535.0,6370.0
2021-10-06,6320.0,6440.0,6314.0,6502.0,379530789,60028,31,6509.0,6415.0
2021-10-09,6310.0,6310.0,6307.0,6479.0,1131466422,179396,39,6502.0,6307.0
2021-10-10,6285.0,6470.0,6285.0,6467.0,851301945,134151,35,6479.0,6285.0
2021-10-11,6446.0,6446.0,6273.0,6461.0,330516942,52633,26,6467.0,6273.0
2021-10-12,6268.0,6654.0,6268.0,6516.0,5125881915,780205,184,6461.0,6638.0
2021-10-13,6362.0,6699.0,6362.0,6532.0,3144676406,478729,100,6516.0,6696.0
2021-10-16,6550.0,6720.0,6540.0,6540.0,959354152,144978,62,6532.0,6552.0
2021-10-17,6555.0,6555.0,6344.0,6513.0,1551865965,243658,69,6540.0,6344.0
2021-10-18,6318.0,6330.0,6318.0,6504.0,452444584,71597,35,6513.0,6318.0
2021-10-19,6309.0,6550.0,6309.0,6489.0,1197372082,187709,54,6504.0,6331.0
2021-10-20,6310.0,6536.0,6295.0,6463.0,2364664218,370541,89,6489.0,6400.0
2021-10-23,6270.0,6500.0,6270.0,6452.0,728382309,115315,41,6463.0,6275.0
2021-10-25,6260.0,6300.0,6259.0,6428.0,1227142523,195998,42,6452.0,6259.0
2021-10-26,6236.0,6236.0,6236.0,6425.0,136774188,21933,20,6428.0,6236.0
2021-10-27,6233.0,6233.0,6233.0,6423.0,91001800,14600,6,6425.0,6233.0
2021-11-02,6231.0,6231.0,6231.0,6423.0,9907290,1590,1,6423.0,6231.0
2021-11-03,6102.0,6220.0,6102.0,6304.0,3657104026,598257,92,6423.0,6102.0
2021-11-06,6115.0,6305.0,6115.0,6139.0,12297294605,2003038,218,6304.0,6117.0
2021-11-07,6193.0,6193.0,5955.0,6121.0,945738438,158712,45,6139.0,5955.0
2021-11-08,5938.0,5938.0,5938.0,6113.0,387763276,65302,17,6121.0,5938.0
2021-11-09,5930.0,5930.0,5930.0,6113.0,15418000,2600,1,6113.0,5930.0
2021-11-10,5930.0,6200.0,5930.0,6047.0,6536925861,1086559,140,6113.0,6047.0
2021-11-13,6050.0,6179.0,5866.0,6032.0,2231647484,373051,97,6047.0,5866.0
2021-11-14,5852.0,5852.0,5852.0,5982.0,2696414336,460768,49,6032.0,5852.0
2021-11-15,5803.0,5915.0,5803.0,5949.0,1787054731,307937,23,5982.0,5803.0
2021-11-16,5652.0,5652.0,5652.0,5938.0,349169256,61778,22,5949.0,5652.0
2021-11-17,5760.0,5800.0,5760.0,5881.0,3067155720,532451,29,5938.0,5760.0
2021-11-21,5705.0,5705.0,5705.0,5878.0,141974630,24886,7,5881.0,5705.0
2021-11-22,5702.0,5702.0,5702.0,5876.0,113937364,19982,3,5878.0,5702.0
2021-11-24,5700.0,5700.0,5700.0,5876.0,14597700,2561,2,5876.0,5700.0
2021-11-27,5700.0,5800.0,5700.0,5763.0,16517130000,2865900,53,5876.0,5700.0
2021-11-28,5591.0,5591.0,5591.0,5751.0,679222635,121485,20,5763.0,5591.0
2021-11-29,5579.0,5579.0,5579.0,5742.0,502110000,90000,2,5751.0,5579.0
2021-12-05,5570.0,5570.0,5570.0,5715.0,1510377910,271163,23,5742.0,5570.0
2021-12-06,5544.0,5880.0,5544.0,5709.0,2470494210,434150,28,5715.0,5544.0
2021-12-08,5538.0,5880.0,5538.0,5714.0,10404530779,1820919,172,5709.0,5538.0
2021-12-11,5543.0,5675.0,5543.0,5697.0,989042163,178325,34,5714.0,5543.0
2021-12-12,5527.0,5527.0,5527.0,5695.0,140385800,25400,2,5697.0,5527.0
2021-12-13,5525.0,5525.0,5525.0,5695.0,5469750,990,1,5695.0,5525.0
2021-12-14,5525.0,5525.0,5525.0,5694.0,34371025,6221,2,5695.0,5525.0
2021-12-18,5524.0,5524.0,5524.0,5693.0,38668000,7000,3,5694.0,5524.0
2021-12-19,5523.0,5649.0,5523.0,5607.0,5886622432,1060389,154,5693.0,5523.0
2021-12-20,5560.0,5600.0,5439.0,5518.0,5161846156,948544,74,5607.0,5439.0
2021-12-21,5353.0,5353.0,5353.0,5516.0,96284411,17987,10,5518.0,5353.0
2021-12-22,5351.0,5496.0,5351.0,5450.0,4262122491,793815,166,5516.0,5351.0
2021-12-25,5549.0,5549.0,5287.0,5341.0,6760164093,1277104,147,5450.0,5340.0
2021-12-26,5186.0,5318.0,5181.0,5243.0,5857042483,1130389,76,5341.0,5181.0
2021-12-27,5086.0,5184.0,5086.0,5187.0,3353916586,659411,52,5243.0,5086.0
2021-12-28,5032.0,5032.0,5032.0,5186.0,55251360,10980,11,5187.0,5032.0
2021-12-29,5031.0,5031.0,5031.0,5183.0,169846560,33760,12,5186.0,5031.0
2022-01-01,5028.0,5324.0,5028.0,5166.0,2373417191,464392,160,5183.0,5028.0
2022-01-02,5219.0,5020.0,5012.0,5159.0,459889072,91756,23,5166.0,5012.0
2022-01-03,5005.0,5005.0,5005.0,5157.0,99189090,19818,7,5159.0,5005.0
2022-01-05,5003.0,5003.0,5003.0,5157.0,20012000,4000,1,5157.0,5003.0
2022-01-08,5010.0,5010.0,5010.0,5150.0,450900000,90000,1,5157.0,5010.0
2022-01-10,4900.0,4900.0,4900.0,5130.0,584780700,119343,14,5150.0,4900.0
2022-01-11,4980.0,4980.0,4980.0,5130.0,25398000,5100,3,5130.0,4980.0
2022-01-15,4980.0,4980.0,4980.0,5130.0,5268840,1058,1,5130.0,4980.0
2022-01-29,4880.0,4880.0,4880.0,5130.0,31720000,6500,3,5130.0,4880.0
2022-02-02,4880.0,4880.0,4880.0,4880.0,2950516320,604614,23,5130.0,4880.0
2022-02-08,4636.0,4636.0,4636.0,4636.0,468699600,101100,36,4880.0,4636.0
2022-02-09,4497.0,4497.0,4497.0,4497.0,98934000,22000,10,4636.0,4497.0
2022-02-12,4363.0,4363.0,4363.0,4363.0,5030539,1153,1,4497.0,4363.0
2022-02-13,4233.0,4233.0,4233.0,4233.0,6942120,1640,1,4363.0,4233.0
2022-02-14,4022.0,4022.0,4022.0,4022.0,50089988,12454,6,4233.0,4022.0
2022-02-16,3902.0,3902.0,3902.0,3902.0,5029678,1289,1,4022.0,3902.0
2022-02-19,3785.0,3785.0,3785.0,3785.0,5079470,1342,1,3902.0,3785.0
2022-02-20,3672.0,3672.0,3672.0,3672.0,5001264,1362,1,3785.0,3672.0
2022-02-21,3562.0,3562.0,3562.0,3562.0,52938444,14862,9,3672.0,3562.0
2022-02-22,3456.0,3668.0,3456.0,3571.0,7409817864,2074733,935,3562.0,3457.0
2022-02-27,3678.0,3678.0,3464.0,3567.0,806297191,229249,70,3571.0,3464.0
2022-02-28,3460.0,3460.0,3460.0,3567.0,27396280,7918,3,3567.0,3460.0
2022-03-02,3460.0,3460.0,3460.0,3567.0,10051300,2905,2,3567.0,3460.0
2022-03-05,3460.0,3460.0,3460.0,3567.0,5030840,1454,1,3567.0,3460.0
2022-03-06,3389.0,3389.0,3389.0,3566.0,76235555,22495,9,3567.0,3389.0
2022-03-07,3460.0,3460.0,3460.0,3565.0,64010000,18500,3,3566.0,3460.0
2022-03-08,3459.0,3459.0,3459.0,3565.0,15233436,4404,3,3565.0,3459.0
2022-03-09,3459.0,3459.0,3459.0,3565.0,5081271,1469,1,3565.0,3459.0
2022-03-12,3387.0,3387.0,3387.0,3564.0,36860721,10883,4,3565.0,3387.0
2022-03-14,3458.0,3458.0,3458.0,3564.0,5014100,1450,1,3564.0,3458.0
2022-03-15,3458.0,3458.0,3458.0,3564.0,5187000,1500,1,3564.0,3458.0
2022-03-16,3386.0,3386.0,3386.0,3555.0,488058040,144140,12,3564.0,3386.0
2022-03-19,3449.0,3520.0,3449.0,3494.0,5843833402,1692250,141,3555.0,3449.0
2022-03-26,3390.0,3598.0,3390.0,3568.0,18925515274,5304809,347,3494.0,3598.0
2022-03-27,3675.0,3675.0,3611.0,3671.0,15565137227,4239538,335,3568.0,3675.0
2022-03-28,0.0,0.0,0.0,3671.0,15565137227,4239538,335,3671.0,3675.0
2022-03-29,3776.0,3776.0,3561.0,3608.0,5890258737,1653793,149,3671.0,3561.0
2022-03-30,3500.0,3716.0,3500.0,3643.0,24647328596,6766393,515,3608.0,3716.0
2022-04-03,3752.0,3752.0,3700.0,3742.0,12304421404,3288052,266,3643.0,3752.0
2022-04-04,3750.0,3854.0,3630.0,3676.0,10743486582,2922303,251,3742.0,3630.0
2022-04-05,3567.0,3786.0,3566.0,3699.0,10143293683,2741785,293,3676.0,3786.0
2022-04-06,3800.0,3809.0,3700.0,3784.0,8526866832,2241837,209,3699.0,3809.0
2022-04-09,3897.0,3897.0,3897.0,3879.0,8651075004,2219932,105,3784.0,3897.0
2022-04-10,3995.0,3995.0,3763.0,3890.0,22384684811,5753933,644,3879.0,3899.0
2022-04-11,3899.0,3948.0,3776.0,3842.0,11562158353,3009298,433,3890.0,3840.0
2022-04-12,3735.0,3800.0,3727.0,3766.0,7054029155,1888592,196,3842.0,3727.0
2022-04-13,3655.0,3877.0,3654.0,3723.0,15867567802,4261966,450,3766.0,3730.0
2022-04-16,3733.0,3834.0,3612.0,3699.0,8039413610,2176630,350,3723.0,3710.0
2022-04-17,3700.0,3710.0,3589.0,3603.0,11109177104,3083227,485,3699.0,3631.0
2022-04-18,3567.0,3695.0,3563.0,3618.0,5855742147,1614417,253,3603.0,3612.0
2022-04-19,3689.0,3689.0,3551.0,3617.0,8524232758,2356891,364,3618.0,3655.0
2022-04-20,3694.0,3695.0,3622.0,3636.0,3458100210,942208,165,3617.0,3688.0
2022-04-24,3554.0,3745.0,3554.0,3705.0,8060561725,2164681,226,3636.0,3745.0
2022-04-25,3790.0,3816.0,3710.0,3802.0,10898459665,2866529,169,3705.0,3816.0
2022-04-26,3909.0,3916.0,3850.0,3911.0,15722514170,4019990,325,3802.0,3916.0
2022-04-27,3912.0,4019.0,3794.0,3864.0,10369018002,2684201,330,3911.0,3990.0
2022-04-30,3979.0,3979.0,3898.0,3979.0,18602484133,4675347,320,3864.0,3979.0
2022-05-01,4098.0,4098.0,3978.0,4096.0,16398144074,4002978,393,3979.0,4098.0
2022-05-02,4218.0,4218.0,4110.0,4194.0,9975905661,2373796,222,4096.0,4218.0
2022-05-07,4315.0,4315.0,4069.0,4113.0,17411717339,4233202,623,4194.0,4110.0
2022-05-08,4000.0,4236.0,3999.0,4182.0,24672524666,5899088,599,4113.0,4236.0
2022-05-09,4230.0,4307.0,4196.0,4263.0,10990436243,2578244,280,4182.0,4260.0
2022-05-10,4299.0,4299.0,4140.0,4159.0,12972833773,3118893,426,4263.0,4156.0
2022-05-11,4281.0,4281.0,4170.0,4196.0,6943746335,1648404,249,4159.0,4239.0
2022-05-14,4130.0,4321.0,4083.0,4169.0,17248235034,4136979,452,4196.0,4170.0
2022-05-15,4270.0,4294.0,4062.0,4202.0,13341803176,3174947,409,4169.0,4294.0
2022-05-16,4328.0,4328.0,4233.0,4287.0,7674067019,1777921,217,4202.0,4320.0
2022-05-17,4414.0,4414.0,4221.0,4307.0,8391963050,1946146,222,4287.0,4328.0
2022-05-18,4365.0,4365.0,4210.0,4303.0,523060375,123846,14,4307.0,4211.0
2022-05-21,4200.0,4359.0,4174.0,4282.0,4227101734,993525,136,4303.0,4289.0
2022-05-22,4161.0,4281.0,4161.0,4266.0,2526398118,598623,97,4282.0,4204.0
2022-05-23,4144.0,4184.0,4139.0,4176.0,6856398583,1656165,184,4266.0,4139.0
2022-05-24,4051.0,4301.0,4051.0,4286.0,30166662401,7038090,360,4176.0,4301.0
2022-05-25,4414.0,4414.0,4322.0,4413.0,13063860586,2960133,168,4286.0,4414.0
2022-05-28,4545.0,4545.0,4281.0,4498.0,16001052103,3557218,330,4413.0,4543.0
2022-05-29,4630.0,4632.0,4564.0,4613.0,19473318630,4221449,380,4498.0,4632.0
2022-05-30,4738.0,4738.0,4475.0,4500.0,20903614228,4645313,386,4613.0,4475.0
2022-05-31,4367.0,4635.0,4367.0,4529.0,28093725783,6203327,420,4500.0,4635.0
2022-06-01,4460.0,4664.0,4452.0,4610.0,7078536279,1522575,209,4529.0,4663.0
2022-06-06,4739.0,4739.0,4472.0,4534.0,6327148821,1408025,143,4610.0,4473.0
2022-06-07,4500.0,4670.0,4403.0,4574.0,3940546713,850161,106,4534.0,4670.0
2022-06-08,4591.0,4711.0,4591.0,4619.0,3446255982,732163,96,4574.0,4711.0
2022-06-14,4757.0,4757.0,4640.0,4627.0,873870332,185492,30,4619.0,4676.0
2022-06-15,4765.0,4765.0,4565.0,4652.0,3254785577,691672,130,4627.0,4734.0
2022-06-18,4720.0,4720.0,4513.0,4603.0,3552859479,786416,83,4652.0,4513.0
2022-06-19,4465.0,4500.0,4465.0,4528.0,5357222590,1198719,109,4603.0,4465.0
2022-06-20,4394.0,4663.0,4393.0,4435.0,9643044534,2174318,165,4528.0,4393.0
2022-06-21,4302.0,4303.0,4302.0,4401.0,2365584960,549880,39,4435.0,4302.0
2022-06-22,4269.0,4458.0,4269.0,4332.0,4953390858,1159248,93,4401.0,4300.0
2022-06-25,4213.0,4351.0,4203.0,4294.0,2894110662,688353,85,4332.0,4203.0
2022-06-26,4170.0,4170.0,4166.0,4278.0,1186637347,284836,29,4294.0,4166.0
2022-06-27,4155.0,4249.0,4150.0,4216.0,4641125250,1118292,57,4278.0,4150.0
2022-06-28,4090.0,4181.0,4090.0,4096.0,14258847678,3481496,134,4216.0,4120.0
2022-06-29,3982.0,4147.0,3981.0,4095.0,1245590117,304641,64,4096.0,4080.0
2022-07-02,4189.0,4217.0,4020.0,4115.0,2473900533,592077,83,4095.0,4217.0
2022-07-03,4031.0,4238.0,4031.0,4138.0,3012757238,718458,96,4115.0,4120.0
2022-07-04,4022.0,4262.0,4022.0,4255.0,14407252844,3386254,131,4138.0,4260.0
2022-07-05,4255.0,4256.0,4128.0,4225.0,3774411143,904240,87,4255.0,4230.0
2022-07-06,4299.0,4351.0,4200.0,4270.0,5428798971,1258978,97,4225.0,4269.0
